/home/csd23rb8/67a7/MajorProject/telugu_htr/.venv/lib/python3.12/site-packages/torch/nn/modules/transformer.py:382: UserWarning: enable_nested_tensor is True, but self.use_nested_tensor is False because encoder_layer.norm_first was True
  warnings.warn(
[train_ar] Device: cuda
======================================================================
  Training Log — AR Transformer
  Started: 2026-07-31 13:44:45
======================================================================

[Vocab] Loaded from checkpoints/vocab.pkl (size=91)
[train_ar] Vocab size: 91
[Dataset] Loaded 80693 samples (skipped 0) from data/raw/train/labels.txt
[Dataset] Loaded 20048 samples (skipped 0) from data/raw/val/labels.txt
[train_ar] Parameters: 31,163,419
── System Info ─────────────────────────────────────
  Python     : 3.12.13
  PyTorch    : 2.7.1+cu118
  Platform   : Linux-6.8.0-117-generic-x86_64-with-glibc2.39
  CUDA       : 11.8
  cuDNN      : 90100
  GPU        : NVIDIA GeForce RTX 3090 Ti
  GPU Memory : 25.42 GB
  Compute Cap: 8.6
  Parameters : 31,163,419


──────────────────────────────────────────────────────────────────────
  Epoch 1 started at 13:44:46
──────────────────────────────────────────────────────────────────────
/home/csd23rb8/67a7/MajorProject/telugu_htr/.venv/lib/python3.12/site-packages/torch/optim/lr_scheduler.py:182: UserWarning: Detected call of `lr_scheduler.step()` before `optimizer.step()`. In PyTorch 1.1.0 and later, you should call them in the opposite order: `optimizer.step()` before `lr_scheduler.step()`.  Failure to do this will result in PyTorch skipping the first value of the learning rate schedule. See more details at https://pytorch.org/docs/stable/optim.html#how-to-adjust-learning-rate
  warnings.warn(
  Epoch 1/80  Step 0/1260  loss=8.5844  ce=5.5956  ctc=15.5584  lr=7.50e-08
  Epoch 1/80  Step 50/1260  loss=6.8387  ce=4.5649  ctc=12.1441  lr=3.82e-06
  Epoch 1/80  Step 100/1260  loss=4.1660  ce=3.9913  ctc=4.5735  lr=7.57e-06
  Epoch 1/80  Step 150/1260  loss=3.7699  ce=3.6842  ctc=3.9699  lr=1.13e-05
  Epoch 1/80  Step 200/1260  loss=3.5218  ce=3.4426  ctc=3.7065  lr=1.51e-05
  [GPU] Mem: 544MB / 25417MB (2.1%) | Peak: 2576MB
  Epoch 1/80  Step 250/1260  loss=3.2754  ce=3.1596  ctc=3.5457  lr=1.88e-05
  Epoch 1/80  Step 300/1260  loss=3.1264  ce=2.9820  ctc=3.4631  lr=2.26e-05
  Epoch 1/80  Step 350/1260  loss=3.0925  ce=2.9534  ctc=3.4172  lr=2.63e-05
  Epoch 1/80  Step 400/1260  loss=2.8716  ce=2.7748  ctc=3.0976  lr=3.01e-05
  [GPU] Mem: 544MB / 25417MB (2.1%) | Peak: 2576MB
  Epoch 1/80  Step 450/1260  loss=2.5768  ce=2.5257  ctc=2.6962  lr=3.38e-05
  Epoch 1/80  Step 500/1260  loss=2.4502  ce=2.4561  ctc=2.4364  lr=3.76e-05
  Epoch 1/80  Step 550/1260  loss=2.2274  ce=2.3381  ctc=1.9693  lr=4.13e-05
  Epoch 1/80  Step 600/1260  loss=1.9004  ce=2.0035  ctc=1.6599  lr=4.51e-05
  [GPU] Mem: 542MB / 25417MB (2.1%) | Peak: 2576MB
  Epoch 1/80  Step 650/1260  loss=1.8359  ce=1.8830  ctc=1.7259  lr=4.88e-05
  Epoch 1/80  Step 700/1260  loss=1.6307  ce=1.7458  ctc=1.3620  lr=5.26e-05
  Epoch 1/80  Step 750/1260  loss=1.4150  ce=1.5061  ctc=1.2023  lr=5.63e-05
  Epoch 1/80  Step 800/1260  loss=1.3055  ce=1.3943  ctc=1.0982  lr=6.01e-05
  [GPU] Mem: 550MB / 25417MB (2.2%) | Peak: 2576MB
  Epoch 1/80  Step 850/1260  loss=1.1427  ce=1.2115  ctc=0.9822  lr=6.38e-05
  Epoch 1/80  Step 900/1260  loss=1.2988  ce=1.4360  ctc=0.9789  lr=6.76e-05
  Epoch 1/80  Step 950/1260  loss=0.8868  ce=1.0139  ctc=0.5903  lr=7.13e-05
  Epoch 1/80  Step 1000/1260  loss=0.9834  ce=1.0853  ctc=0.7456  lr=7.51e-05
  [GPU] Mem: 549MB / 25417MB (2.2%) | Peak: 2576MB
  Epoch 1/80  Step 1050/1260  loss=0.9482  ce=1.0330  ctc=0.7502  lr=7.88e-05
  Epoch 1/80  Step 1100/1260  loss=0.7755  ce=0.8640  ctc=0.5690  lr=8.26e-05
  Epoch 1/80  Step 1150/1260  loss=0.8125  ce=0.9269  ctc=0.5455  lr=8.63e-05
  Epoch 1/80  Step 1200/1260  loss=0.8088  ce=0.9126  ctc=0.5666  lr=9.01e-05
  [GPU] Mem: 545MB / 25417MB (2.1%) | Peak: 2576MB
  Epoch 1/80  Step 1250/1260  loss=0.7794  ce=0.8891  ctc=0.5236  lr=9.38e-05
[Epoch 1] avg_loss=2.3027  time=351s
  [Val epoch 1 (constrained)] loss=0.8472  CER=0.1809  WER=0.6704  avg_pred_len=8.7
  [Val epoch 1 (unconstrained)] loss=0.8472  CER=0.1806  WER=0.6721  avg_pred_len=8.7
  [Checkpoint] epoch=1  val_cer=0.1806  best=0.1806  ★ NEW BEST

  ┌── Epoch 1 Summary ──────────────────────────
  │ Train Loss  : 2.3027
  │ Val CER     : 0.1806 (18.06%)
  │ Epoch Time  : 843s (0:14:03)
  │ Speed       : 95.6 samples/sec
  │ GPU Memory  : 544MB (peak: 2576MB)
  │ Total Time  : 0:14:03
  │ ETA         : 18:30:05 (79 epochs left)
  └─────────────────────────────────────────────────


──────────────────────────────────────────────────────────────────────
  Epoch 2 started at 13:58:49
──────────────────────────────────────────────────────────────────────
  Epoch 2/80  Step 0/1260  loss=0.8168  ce=0.9209  ctc=0.5740  lr=9.46e-05
  Epoch 2/80  Step 50/1260  loss=0.6859  ce=0.7932  ctc=0.4356  lr=9.83e-05
  Epoch 2/80  Step 100/1260  loss=0.6771  ce=0.7953  ctc=0.4015  lr=1.02e-04
  Epoch 2/80  Step 150/1260  loss=0.6305  ce=0.7366  ctc=0.3830  lr=1.06e-04
  Epoch 2/80  Step 200/1260  loss=0.6728  ce=0.7835  ctc=0.4144  lr=1.10e-04
  [GPU] Mem: 548MB / 25417MB (2.2%) | Peak: 2576MB
  Epoch 2/80  Step 250/1260  loss=0.6383  ce=0.7554  ctc=0.3651  lr=1.13e-04
  Epoch 2/80  Step 300/1260  loss=0.6128  ce=0.7247  ctc=0.3517  lr=1.17e-04
  Epoch 2/80  Step 350/1260  loss=0.6000  ce=0.7139  ctc=0.3342  lr=1.21e-04
  Epoch 2/80  Step 400/1260  loss=0.6186  ce=0.7023  ctc=0.4233  lr=1.25e-04
  [GPU] Mem: 546MB / 25417MB (2.1%) | Peak: 2576MB
  Epoch 2/80  Step 450/1260  loss=0.6304  ce=0.7449  ctc=0.3632  lr=1.28e-04
  Epoch 2/80  Step 500/1260  loss=0.6177  ce=0.7333  ctc=0.3481  lr=1.32e-04
  Epoch 2/80  Step 550/1260  loss=0.5658  ce=0.6625  ctc=0.3403  lr=1.36e-04
  Epoch 2/80  Step 600/1260  loss=0.6299  ce=0.7542  ctc=0.3397  lr=1.40e-04
  [GPU] Mem: 542MB / 25417MB (2.1%) | Peak: 2576MB
  Epoch 2/80  Step 650/1260  loss=0.5871  ce=0.7050  ctc=0.3118  lr=1.43e-04
  Epoch 2/80  Step 700/1260  loss=0.5316  ce=0.6430  ctc=0.2715  lr=1.47e-04
  Epoch 2/80  Step 750/1260  loss=0.5102  ce=0.6284  ctc=0.2345  lr=1.51e-04
  Epoch 2/80  Step 800/1260  loss=0.5723  ce=0.6748  ctc=0.3333  lr=1.55e-04
  [GPU] Mem: 548MB / 25417MB (2.2%) | Peak: 2576MB
  Epoch 2/80  Step 850/1260  loss=0.5313  ce=0.6491  ctc=0.2564  lr=1.58e-04
  Epoch 2/80  Step 900/1260  loss=0.4731  ce=0.5937  ctc=0.1917  lr=1.62e-04
  Epoch 2/80  Step 950/1260  loss=0.5510  ce=0.6582  ctc=0.3007  lr=1.66e-04
  Epoch 2/80  Step 1000/1260  loss=0.5083  ce=0.6294  ctc=0.2256  lr=1.70e-04
  [GPU] Mem: 543MB / 25417MB (2.1%) | Peak: 2576MB
  Epoch 2/80  Step 1050/1260  loss=0.5242  ce=0.6370  ctc=0.2609  lr=1.73e-04
  Epoch 2/80  Step 1100/1260  loss=0.4989  ce=0.6254  ctc=0.2035  lr=1.77e-04
  Epoch 2/80  Step 1150/1260  loss=0.5118  ce=0.6215  ctc=0.2559  lr=1.81e-04
  Epoch 2/80  Step 1200/1260  loss=0.5175  ce=0.6515  ctc=0.2047  lr=1.85e-04
  [GPU] Mem: 546MB / 25417MB (2.1%) | Peak: 2576MB
  Epoch 2/80  Step 1250/1260  loss=0.4403  ce=0.5590  ctc=0.1634  lr=1.88e-04
[Epoch 2] avg_loss=0.5763  time=153s
  [Val epoch 2 (constrained)] loss=0.6015  CER=0.0931  WER=0.4619  avg_pred_len=8.6
  [Val epoch 2 (unconstrained)] loss=0.6015  CER=0.0925  WER=0.4641  avg_pred_len=8.6
  [Checkpoint] epoch=2  val_cer=0.0925  best=0.0925  ★ NEW BEST

  ┌── Epoch 2 Summary ──────────────────────────
  │ Train Loss  : 0.5763
  │ Val CER     : 0.0925 (9.25%)
  │ Epoch Time  : 233s (0:03:52)
  │ Speed       : 346.8 samples/sec
  │ GPU Memory  : 547MB (peak: 2576MB)
  │ Total Time  : 0:17:56
  │ ETA         : 11:39:08 (78 epochs left)
  └─────────────────────────────────────────────────


──────────────────────────────────────────────────────────────────────
  Epoch 3 started at 14:02:42
──────────────────────────────────────────────────────────────────────
  Epoch 3/80  Step 0/1260  loss=0.4525  ce=0.5713  ctc=0.1752  lr=1.89e-04
  Epoch 3/80  Step 50/1260  loss=0.4786  ce=0.6092  ctc=0.1739  lr=1.93e-04
  Epoch 3/80  Step 100/1260  loss=0.4568  ce=0.5779  ctc=0.1743  lr=1.97e-04
  Epoch 3/80  Step 150/1260  loss=0.5141  ce=0.6379  ctc=0.2253  lr=2.00e-04
  Epoch 3/80  Step 200/1260  loss=0.5922  ce=0.6848  ctc=0.3763  lr=2.04e-04
  [GPU] Mem: 542MB / 25417MB (2.1%) | Peak: 2576MB
  Epoch 3/80  Step 250/1260  loss=0.4918  ce=0.6031  ctc=0.2321  lr=2.08e-04
  Epoch 3/80  Step 300/1260  loss=0.4572  ce=0.5756  ctc=0.1810  lr=2.12e-04
  Epoch 3/80  Step 350/1260  loss=0.4648  ce=0.5794  ctc=0.1973  lr=2.15e-04
  Epoch 3/80  Step 400/1260  loss=0.4416  ce=0.5659  ctc=0.1514  lr=2.19e-04
  [GPU] Mem: 546MB / 25417MB (2.1%) | Peak: 2576MB
  Epoch 3/80  Step 450/1260  loss=0.4004  ce=0.5141  ctc=0.1349  lr=2.23e-04
  Epoch 3/80  Step 500/1260  loss=0.4625  ce=0.5759  ctc=0.1979  lr=2.27e-04
  Epoch 3/80  Step 550/1260  loss=0.5001  ce=0.6202  ctc=0.2201  lr=2.30e-04
  Epoch 3/80  Step 600/1260  loss=0.4218  ce=0.5460  ctc=0.1321  lr=2.34e-04
  [GPU] Mem: 548MB / 25417MB (2.2%) | Peak: 2576MB
  Epoch 3/80  Step 650/1260  loss=0.5006  ce=0.6161  ctc=0.2312  lr=2.38e-04
  Epoch 3/80  Step 700/1260  loss=0.4374  ce=0.5646  ctc=0.1408  lr=2.42e-04
  Epoch 3/80  Step 750/1260  loss=0.5015  ce=0.6260  ctc=0.2110  lr=2.45e-04
  Epoch 3/80  Step 800/1260  loss=0.4676  ce=0.5998  ctc=0.1594  lr=2.49e-04
  [GPU] Mem: 548MB / 25417MB (2.2%) | Peak: 2576MB
  Epoch 3/80  Step 850/1260  loss=0.4806  ce=0.5885  ctc=0.2288  lr=2.53e-04
  Epoch 3/80  Step 900/1260  loss=0.5441  ce=0.6653  ctc=0.2613  lr=2.57e-04
  Epoch 3/80  Step 950/1260  loss=0.4445  ce=0.5792  ctc=0.1302  lr=2.60e-04
  Epoch 3/80  Step 1000/1260  loss=0.4617  ce=0.5857  ctc=0.1724  lr=2.64e-04
  [GPU] Mem: 547MB / 25417MB (2.2%) | Peak: 2576MB
  Epoch 3/80  Step 1050/1260  loss=0.4319  ce=0.5551  ctc=0.1444  lr=2.68e-04
  Epoch 3/80  Step 1100/1260  loss=0.4489  ce=0.5684  ctc=0.1700  lr=2.72e-04
  Epoch 3/80  Step 1150/1260  loss=0.4767  ce=0.5766  ctc=0.2435  lr=2.75e-04
  Epoch 3/80  Step 1200/1260  loss=0.4345  ce=0.5563  ctc=0.1503  lr=2.79e-04
  [GPU] Mem: 542MB / 25417MB (2.1%) | Peak: 2576MB
  Epoch 3/80  Step 1250/1260  loss=0.4812  ce=0.5822  ctc=0.2453  lr=2.83e-04
[Epoch 3] avg_loss=0.4620  time=154s
  [Val epoch 3 (constrained)] loss=0.5498  CER=0.0812  WER=0.4031  avg_pred_len=8.7
  [Val epoch 3 (unconstrained)] loss=0.5498  CER=0.0810  WER=0.4056  avg_pred_len=8.7
  [Checkpoint] epoch=3  val_cer=0.0810  best=0.0810  ★ NEW BEST

  ┌── Epoch 3 Summary ──────────────────────────
  │ Train Loss  : 0.4620
  │ Val CER     : 0.0810 (8.10%)
  │ Epoch Time  : 234s (0:03:54)
  │ Speed       : 343.9 samples/sec
  │ GPU Memory  : 544MB (peak: 2576MB)
  │ Total Time  : 0:21:50
  │ ETA         : 9:20:26 (77 epochs left)
  └─────────────────────────────────────────────────


──────────────────────────────────────────────────────────────────────
  Epoch 4 started at 14:06:36
──────────────────────────────────────────────────────────────────────
  Epoch 4/80  Step 0/1260  loss=0.4316  ce=0.5403  ctc=0.1780  lr=2.84e-04
  Epoch 4/80  Step 50/1260  loss=0.4833  ce=0.6095  ctc=0.1887  lr=2.87e-04
  Epoch 4/80  Step 100/1260  loss=0.3933  ce=0.5111  ctc=0.1185  lr=2.91e-04
  Epoch 4/80  Step 150/1260  loss=0.4695  ce=0.5881  ctc=0.1926  lr=2.95e-04
  Epoch 4/80  Step 200/1260  loss=0.3999  ce=0.5313  ctc=0.0934  lr=2.99e-04
  [GPU] Mem: 548MB / 25417MB (2.2%) | Peak: 2576MB
  Epoch 4/80  Step 250/1260  loss=0.4091  ce=0.5417  ctc=0.0998  lr=3.00e-04
  Epoch 4/80  Step 300/1260  loss=0.4426  ce=0.5655  ctc=0.1558  lr=3.00e-04
  Epoch 4/80  Step 350/1260  loss=0.3976  ce=0.5130  ctc=0.1283  lr=3.00e-04
  Epoch 4/80  Step 400/1260  loss=0.4176  ce=0.5369  ctc=0.1393  lr=3.00e-04
  [GPU] Mem: 544MB / 25417MB (2.1%) | Peak: 2576MB
  Epoch 4/80  Step 450/1260  loss=0.4380  ce=0.5494  ctc=0.1782  lr=3.00e-04
  Epoch 4/80  Step 500/1260  loss=0.4391  ce=0.5607  ctc=0.1553  lr=3.00e-04
  Epoch 4/80  Step 550/1260  loss=0.4663  ce=0.5749  ctc=0.2128  lr=3.00e-04
  Epoch 4/80  Step 600/1260  loss=0.4319  ce=0.5522  ctc=0.1510  lr=3.00e-04
  [GPU] Mem: 543MB / 25417MB (2.1%) | Peak: 2576MB
  Epoch 4/80  Step 650/1260  loss=0.4123  ce=0.5382  ctc=0.1185  lr=3.00e-04
  Epoch 4/80  Step 700/1260  loss=0.3970  ce=0.5184  ctc=0.1137  lr=3.00e-04
  Epoch 4/80  Step 750/1260  loss=0.3888  ce=0.5146  ctc=0.0952  lr=3.00e-04
  Epoch 4/80  Step 800/1260  loss=0.4053  ce=0.5183  ctc=0.1417  lr=3.00e-04
  [GPU] Mem: 548MB / 25417MB (2.2%) | Peak: 2576MB
  Epoch 4/80  Step 850/1260  loss=0.3815  ce=0.5103  ctc=0.0809  lr=3.00e-04
  Epoch 4/80  Step 900/1260  loss=0.3838  ce=0.5070  ctc=0.0964  lr=3.00e-04
  Epoch 4/80  Step 950/1260  loss=0.4126  ce=0.5288  ctc=0.1414  lr=3.00e-04
  Epoch 4/80  Step 1000/1260  loss=0.4564  ce=0.5858  ctc=0.1544  lr=3.00e-04
  [GPU] Mem: 546MB / 25417MB (2.1%) | Peak: 2576MB
  Epoch 4/80  Step 1050/1260  loss=0.4739  ce=0.5850  ctc=0.2147  lr=3.00e-04
  Epoch 4/80  Step 1100/1260  loss=0.4031  ce=0.5332  ctc=0.0994  lr=3.00e-04
  Epoch 4/80  Step 1150/1260  loss=0.4402  ce=0.5533  ctc=0.1762  lr=3.00e-04
  Epoch 4/80  Step 1200/1260  loss=0.4078  ce=0.5176  ctc=0.1518  lr=3.00e-04
  [GPU] Mem: 546MB / 25417MB (2.1%) | Peak: 2576MB
  Epoch 4/80  Step 1250/1260  loss=0.3848  ce=0.5067  ctc=0.1004  lr=3.00e-04
[Epoch 4] avg_loss=0.4239  time=153s
  [Val epoch 4 (constrained)] loss=0.5324  CER=0.0735  WER=0.3933  avg_pred_len=8.7
  [Val epoch 4 (unconstrained)] loss=0.5324  CER=0.0724  WER=0.3949  avg_pred_len=8.7
  [Checkpoint] epoch=4  val_cer=0.0724  best=0.0724  ★ NEW BEST

  ┌── Epoch 4 Summary ──────────────────────────
  │ Train Loss  : 0.4239
  │ Val CER     : 0.0724 (7.24%)
  │ Epoch Time  : 234s (0:03:54)
  │ Speed       : 344.3 samples/sec
  │ GPU Memory  : 546MB (peak: 2576MB)
  │ Total Time  : 0:25:44
  │ ETA         : 8:09:01 (76 epochs left)
  └─────────────────────────────────────────────────


──────────────────────────────────────────────────────────────────────
  Epoch 5 started at 14:10:30
──────────────────────────────────────────────────────────────────────
  Epoch 5/80  Step 0/1260  loss=0.4232  ce=0.5406  ctc=0.1492  lr=3.00e-04
  Epoch 5/80  Step 50/1260  loss=0.3678  ce=0.4891  ctc=0.0846  lr=3.00e-04
  Epoch 5/80  Step 100/1260  loss=0.4559  ce=0.5751  ctc=0.1776  lr=3.00e-04
  Epoch 5/80  Step 150/1260  loss=0.3308  ce=0.4582  ctc=0.0335  lr=3.00e-04
  Epoch 5/80  Step 200/1260  loss=0.3950  ce=0.5115  ctc=0.1234  lr=3.00e-04
  [GPU] Mem: 544MB / 25417MB (2.1%) | Peak: 2576MB
  Epoch 5/80  Step 250/1260  loss=0.4142  ce=0.5358  ctc=0.1304  lr=3.00e-04
  Epoch 5/80  Step 300/1260  loss=0.4033  ce=0.5155  ctc=0.1416  lr=3.00e-04
  Epoch 5/80  Step 350/1260  loss=0.4094  ce=0.5288  ctc=0.1308  lr=3.00e-04
  Epoch 5/80  Step 400/1260  loss=0.4502  ce=0.5723  ctc=0.1654  lr=3.00e-04
  [GPU] Mem: 550MB / 25417MB (2.2%) | Peak: 2576MB
  Epoch 5/80  Step 450/1260  loss=0.3929  ce=0.5234  ctc=0.0885  lr=3.00e-04
  Epoch 5/80  Step 500/1260  loss=0.3838  ce=0.5078  ctc=0.0942  lr=3.00e-04
  Epoch 5/80  Step 550/1260  loss=0.4182  ce=0.5327  ctc=0.1510  lr=3.00e-04
  Epoch 5/80  Step 600/1260  loss=0.3791  ce=0.5089  ctc=0.0763  lr=3.00e-04
  [GPU] Mem: 548MB / 25417MB (2.2%) | Peak: 2576MB
  Epoch 5/80  Step 650/1260  loss=0.3962  ce=0.5018  ctc=0.1497  lr=3.00e-04
  Epoch 5/80  Step 700/1260  loss=0.3992  ce=0.5232  ctc=0.1097  lr=3.00e-04
  Epoch 5/80  Step 750/1260  loss=0.4307  ce=0.5340  ctc=0.1899  lr=3.00e-04
  Epoch 5/80  Step 800/1260  loss=0.4522  ce=0.5624  ctc=0.1948  lr=3.00e-04
  [GPU] Mem: 547MB / 25417MB (2.2%) | Peak: 2576MB
  Epoch 5/80  Step 850/1260  loss=0.3766  ce=0.4982  ctc=0.0929  lr=3.00e-04
  Epoch 5/80  Step 900/1260  loss=0.3782  ce=0.4985  ctc=0.0977  lr=3.00e-04
  Epoch 5/80  Step 950/1260  loss=0.3868  ce=0.4997  ctc=0.1232  lr=3.00e-04
  Epoch 5/80  Step 1000/1260  loss=0.3762  ce=0.4987  ctc=0.0904  lr=3.00e-04
  [GPU] Mem: 542MB / 25417MB (2.1%) | Peak: 2576MB
  Epoch 5/80  Step 1050/1260  loss=0.3935  ce=0.5112  ctc=0.1188  lr=3.00e-04
  Epoch 5/80  Step 1100/1260  loss=0.3565  ce=0.4724  ctc=0.0860  lr=3.00e-04
  Epoch 5/80  Step 1150/1260  loss=0.3744  ce=0.4917  ctc=0.1008  lr=3.00e-04
  Epoch 5/80  Step 1200/1260  loss=0.3557  ce=0.4833  ctc=0.0578  lr=3.00e-04
  [GPU] Mem: 542MB / 25417MB (2.1%) | Peak: 2576MB
  Epoch 5/80  Step 1250/1260  loss=0.3645  ce=0.4886  ctc=0.0748  lr=3.00e-04
[Epoch 5] avg_loss=0.3927  time=153s
  [Val epoch 5 (constrained)] loss=0.5060  CER=0.0642  WER=0.3702  avg_pred_len=8.7
  [Val epoch 5 (unconstrained)] loss=0.5060  CER=0.0639  WER=0.3716  avg_pred_len=8.7
  [Checkpoint] epoch=5  val_cer=0.0639  best=0.0639  ★ NEW BEST

  Disk usage:
        best.pt     358.4 MB
     current.pt     358.4 MB
    previous.pt     358.4 MB
       TOTAL         1075.3 MB


  ┌── Epoch 5 Summary ──────────────────────────
  │ Train Loss  : 0.3927
  │ Val CER     : 0.0639 (6.39%)
  │ Epoch Time  : 233s (0:03:53)
  │ Speed       : 346.0 samples/sec
  │ GPU Memory  : 547MB (peak: 2576MB)
  │ Total Time  : 0:29:37
  │ ETA         : 7:24:20 (75 epochs left)
  └─────────────────────────────────────────────────


──────────────────────────────────────────────────────────────────────
  Epoch 6 started at 14:14:23
──────────────────────────────────────────────────────────────────────
  Epoch 6/80  Step 0/1260  loss=0.3778  ce=0.4893  ctc=0.1174  lr=3.00e-04
  Epoch 6/80  Step 50/1260  loss=0.3615  ce=0.4844  ctc=0.0747  lr=3.00e-04
  Epoch 6/80  Step 100/1260  loss=0.3591  ce=0.4908  ctc=0.0516  lr=3.00e-04
  Epoch 6/80  Step 150/1260  loss=0.3595  ce=0.4940  ctc=0.0455  lr=3.00e-04
  Epoch 6/80  Step 200/1260  loss=0.3794  ce=0.5046  ctc=0.0873  lr=3.00e-04
  [GPU] Mem: 548MB / 25417MB (2.2%) | Peak: 2576MB
  Epoch 6/80  Step 250/1260  loss=0.3595  ce=0.4752  ctc=0.0896  lr=2.99e-04
  Epoch 6/80  Step 300/1260  loss=0.4827  ce=0.5927  ctc=0.2259  lr=2.99e-04
  Epoch 6/80  Step 350/1260  loss=0.3654  ce=0.4928  ctc=0.0681  lr=2.99e-04
  Epoch 6/80  Step 400/1260  loss=0.3643  ce=0.4883  ctc=0.0748  lr=2.99e-04
  [GPU] Mem: 547MB / 25417MB (2.2%) | Peak: 2576MB
  Epoch 6/80  Step 450/1260  loss=0.3645  ce=0.4849  ctc=0.0835  lr=2.99e-04
  Epoch 6/80  Step 500/1260  loss=0.4268  ce=0.5465  ctc=0.1474  lr=2.99e-04
  Epoch 6/80  Step 550/1260  loss=0.3787  ce=0.4963  ctc=0.1042  lr=2.99e-04
  Epoch 6/80  Step 600/1260  loss=0.4049  ce=0.5121  ctc=0.1549  lr=2.99e-04
  [GPU] Mem: 546MB / 25417MB (2.1%) | Peak: 2576MB
  Epoch 6/80  Step 650/1260  loss=0.3788  ce=0.5009  ctc=0.0939  lr=2.99e-04
  Epoch 6/80  Step 700/1260  loss=0.3770  ce=0.4967  ctc=0.0977  lr=2.99e-04
  Epoch 6/80  Step 750/1260  loss=0.3651  ce=0.4838  ctc=0.0881  lr=2.99e-04
  Epoch 6/80  Step 800/1260  loss=0.4027  ce=0.5264  ctc=0.1141  lr=2.99e-04
  [GPU] Mem: 547MB / 25417MB (2.2%) | Peak: 2576MB
  Epoch 6/80  Step 850/1260  loss=0.4098  ce=0.5285  ctc=0.1328  lr=2.99e-04
  Epoch 6/80  Step 900/1260  loss=0.3868  ce=0.5178  ctc=0.0812  lr=2.99e-04
  Epoch 6/80  Step 950/1260  loss=0.3727  ce=0.4936  ctc=0.0904  lr=2.99e-04
  Epoch 6/80  Step 1000/1260  loss=0.3901  ce=0.5141  ctc=0.1010  lr=2.99e-04
  [GPU] Mem: 544MB / 25417MB (2.1%) | Peak: 2576MB
  Epoch 6/80  Step 1050/1260  loss=0.3740  ce=0.4995  ctc=0.0812  lr=2.99e-04
  Epoch 6/80  Step 1100/1260  loss=0.3551  ce=0.4800  ctc=0.0636  lr=2.99e-04
  Epoch 6/80  Step 1150/1260  loss=0.3421  ce=0.4706  ctc=0.0423  lr=2.99e-04
  Epoch 6/80  Step 1200/1260  loss=0.3614  ce=0.4808  ctc=0.0828  lr=2.99e-04
  [GPU] Mem: 542MB / 25417MB (2.1%) | Peak: 2576MB
  Epoch 6/80  Step 1250/1260  loss=0.3480  ce=0.4643  ctc=0.0766  lr=2.99e-04
[Epoch 6] avg_loss=0.3763  time=154s
  [Val epoch 6 (constrained)] loss=0.4547  CER=0.0490  WER=0.2874  avg_pred_len=8.7
  [Val epoch 6 (unconstrained)] loss=0.4547  CER=0.0483  WER=0.2885  avg_pred_len=8.7
  [Checkpoint] epoch=6  val_cer=0.0483  best=0.0483  ★ NEW BEST

  ┌── Epoch 6 Summary ──────────────────────────
  │ Train Loss  : 0.3763
  │ Val CER     : 0.0483 (4.83%)
  │ Epoch Time  : 235s (0:03:55)
  │ Speed       : 343.1 samples/sec
  │ GPU Memory  : 547MB (peak: 2576MB)
  │ Total Time  : 0:33:32
  │ ETA         : 6:53:39 (74 epochs left)
  └─────────────────────────────────────────────────


──────────────────────────────────────────────────────────────────────
  Epoch 7 started at 14:18:18
──────────────────────────────────────────────────────────────────────
  Epoch 7/80  Step 0/1260  loss=0.3808  ce=0.4936  ctc=0.1175  lr=2.99e-04
  Epoch 7/80  Step 50/1260  loss=0.3438  ce=0.4714  ctc=0.0459  lr=2.99e-04
  Epoch 7/80  Step 100/1260  loss=0.3621  ce=0.4886  ctc=0.0669  lr=2.99e-04
  Epoch 7/80  Step 150/1260  loss=0.3518  ce=0.4758  ctc=0.0622  lr=2.99e-04
  Epoch 7/80  Step 200/1260  loss=0.3615  ce=0.4822  ctc=0.0798  lr=2.99e-04
  [GPU] Mem: 542MB / 25417MB (2.1%) | Peak: 2576MB
  Epoch 7/80  Step 250/1260  loss=0.3522  ce=0.4786  ctc=0.0574  lr=2.99e-04
  Epoch 7/80  Step 300/1260  loss=0.3491  ce=0.4759  ctc=0.0531  lr=2.99e-04
  Epoch 7/80  Step 350/1260  loss=0.3458  ce=0.4753  ctc=0.0435  lr=2.99e-04
  Epoch 7/80  Step 400/1260  loss=0.3387  ce=0.4692  ctc=0.0340  lr=2.99e-04
  [GPU] Mem: 544MB / 25417MB (2.1%) | Peak: 2576MB
  Epoch 7/80  Step 450/1260  loss=0.4000  ce=0.5120  ctc=0.1385  lr=2.99e-04
  Epoch 7/80  Step 500/1260  loss=0.4175  ce=0.5490  ctc=0.1107  lr=2.99e-04
  Epoch 7/80  Step 550/1260  loss=0.3818  ce=0.5036  ctc=0.0976  lr=2.99e-04
  Epoch 7/80  Step 600/1260  loss=0.3437  ce=0.4659  ctc=0.0584  lr=2.99e-04
  [GPU] Mem: 548MB / 25417MB (2.2%) | Peak: 2576MB
  Epoch 7/80  Step 650/1260  loss=0.3725  ce=0.4906  ctc=0.0970  lr=2.99e-04
  Epoch 7/80  Step 700/1260  loss=0.3519  ce=0.4743  ctc=0.0663  lr=2.99e-04
  Epoch 7/80  Step 750/1260  loss=0.3795  ce=0.5055  ctc=0.0856  lr=2.99e-04
  Epoch 7/80  Step 800/1260  loss=0.3343  ce=0.4609  ctc=0.0389  lr=2.99e-04
  [GPU] Mem: 542MB / 25417MB (2.1%) | Peak: 2576MB
  Epoch 7/80  Step 850/1260  loss=0.3983  ce=0.5206  ctc=0.1128  lr=2.98e-04
  Epoch 7/80  Step 900/1260  loss=0.3702  ce=0.4932  ctc=0.0832  lr=2.98e-04
  Epoch 7/80  Step 950/1260  loss=0.3455  ce=0.4704  ctc=0.0540  lr=2.98e-04
  Epoch 7/80  Step 1000/1260  loss=0.3499  ce=0.4707  ctc=0.0681  lr=2.98e-04
  [GPU] Mem: 546MB / 25417MB (2.1%) | Peak: 2576MB
  Epoch 7/80  Step 1050/1260  loss=0.3649  ce=0.4900  ctc=0.0730  lr=2.98e-04
  Epoch 7/80  Step 1100/1260  loss=0.3417  ce=0.4726  ctc=0.0364  lr=2.98e-04
  Epoch 7/80  Step 1150/1260  loss=0.3438  ce=0.4722  ctc=0.0441  lr=2.98e-04
  Epoch 7/80  Step 1200/1260  loss=0.3499  ce=0.4770  ctc=0.0533  lr=2.98e-04
  [GPU] Mem: 542MB / 25417MB (2.1%) | Peak: 2576MB
  Epoch 7/80  Step 1250/1260  loss=0.3385  ce=0.4662  ctc=0.0404  lr=2.98e-04
[Epoch 7] avg_loss=0.3637  time=152s
  [Val epoch 7 (constrained)] loss=0.4678  CER=0.0482  WER=0.2805  avg_pred_len=8.7
  [Val epoch 7 (unconstrained)] loss=0.4678  CER=0.0473  WER=0.2817  avg_pred_len=8.7
  [Checkpoint] epoch=7  val_cer=0.0473  best=0.0473  ★ NEW BEST

  ┌── Epoch 7 Summary ──────────────────────────
  │ Train Loss  : 0.3637
  │ Val CER     : 0.0473 (4.73%)
  │ Epoch Time  : 234s (0:03:53)
  │ Speed       : 344.6 samples/sec
  │ GPU Memory  : 547MB (peak: 2576MB)
  │ Total Time  : 0:37:26
  │ ETA         : 6:30:26 (73 epochs left)
  └─────────────────────────────────────────────────


──────────────────────────────────────────────────────────────────────
  Epoch 8 started at 14:22:12
──────────────────────────────────────────────────────────────────────
  Epoch 8/80  Step 0/1260  loss=0.3617  ce=0.4959  ctc=0.0487  lr=2.98e-04
  Epoch 8/80  Step 50/1260  loss=0.3583  ce=0.4841  ctc=0.0647  lr=2.98e-04
  Epoch 8/80  Step 100/1260  loss=0.3581  ce=0.4782  ctc=0.0778  lr=2.98e-04
  Epoch 8/80  Step 150/1260  loss=0.3296  ce=0.4569  ctc=0.0328  lr=2.98e-04
  Epoch 8/80  Step 200/1260  loss=0.3559  ce=0.4769  ctc=0.0736  lr=2.98e-04
  [GPU] Mem: 548MB / 25417MB (2.2%) | Peak: 2576MB
  Epoch 8/80  Step 250/1260  loss=0.3487  ce=0.4704  ctc=0.0646  lr=2.98e-04
  Epoch 8/80  Step 300/1260  loss=0.3852  ce=0.4975  ctc=0.1231  lr=2.98e-04
  Epoch 8/80  Step 350/1260  loss=0.3419  ce=0.4707  ctc=0.0414  lr=2.98e-04
  Epoch 8/80  Step 400/1260  loss=0.3553  ce=0.4763  ctc=0.0731  lr=2.98e-04
  [GPU] Mem: 548MB / 25417MB (2.2%) | Peak: 2576MB
  Epoch 8/80  Step 450/1260  loss=0.3906  ce=0.5241  ctc=0.0790  lr=2.98e-04
  Epoch 8/80  Step 500/1260  loss=0.4209  ce=0.5169  ctc=0.1969  lr=2.98e-04
  Epoch 8/80  Step 550/1260  loss=0.3323  ce=0.4570  ctc=0.0415  lr=2.98e-04
  Epoch 8/80  Step 600/1260  loss=0.3374  ce=0.4618  ctc=0.0472  lr=2.98e-04
  [GPU] Mem: 548MB / 25417MB (2.2%) | Peak: 2576MB
  Epoch 8/80  Step 650/1260  loss=0.3311  ce=0.4548  ctc=0.0423  lr=2.98e-04
  Epoch 8/80  Step 700/1260  loss=0.3979  ce=0.5098  ctc=0.1366  lr=2.98e-04
  Epoch 8/80  Step 750/1260  loss=0.3661  ce=0.4848  ctc=0.0890  lr=2.98e-04
  Epoch 8/80  Step 800/1260  loss=0.3584  ce=0.4757  ctc=0.0848  lr=2.98e-04
  [GPU] Mem: 548MB / 25417MB (2.2%) | Peak: 2576MB
  Epoch 8/80  Step 850/1260  loss=0.3445  ce=0.4611  ctc=0.0725  lr=2.97e-04
  Epoch 8/80  Step 900/1260  loss=0.3265  ce=0.4549  ctc=0.0271  lr=2.97e-04
  Epoch 8/80  Step 950/1260  loss=0.3445  ce=0.4751  ctc=0.0396  lr=2.97e-04
  Epoch 8/80  Step 1000/1260  loss=0.3665  ce=0.4744  ctc=0.1147  lr=2.97e-04
  [GPU] Mem: 546MB / 25417MB (2.1%) | Peak: 2576MB
  Epoch 8/80  Step 1050/1260  loss=0.3260  ce=0.4555  ctc=0.0240  lr=2.97e-04
  Epoch 8/80  Step 1100/1260  loss=0.3290  ce=0.4579  ctc=0.0283  lr=2.97e-04
  Epoch 8/80  Step 1150/1260  loss=0.3682  ce=0.4801  ctc=0.1069  lr=2.97e-04
  Epoch 8/80  Step 1200/1260  loss=0.3382  ce=0.4641  ctc=0.0444  lr=2.97e-04
  [GPU] Mem: 548MB / 25417MB (2.2%) | Peak: 2576MB
  Epoch 8/80  Step 1250/1260  loss=0.3541  ce=0.4791  ctc=0.0623  lr=2.97e-04
[Epoch 8] avg_loss=0.3560  time=154s
  [Val epoch 8 (constrained)] loss=0.4981  CER=0.0592  WER=0.3262  avg_pred_len=8.8
  [Val epoch 8 (unconstrained)] loss=0.4981  CER=0.0588  WER=0.3272  avg_pred_len=8.8
  [Checkpoint] epoch=8  val_cer=0.0588  best=0.0473

  ┌── Epoch 8 Summary ──────────────────────────
  │ Train Loss  : 0.3560
  │ Val CER     : 0.0588 (5.88%)
  │ Epoch Time  : 233s (0:03:53)
  │ Speed       : 345.6 samples/sec
  │ GPU Memory  : 546MB (peak: 2576MB)
  │ Total Time  : 0:41:20
  │ ETA         : 6:11:57 (72 epochs left)
  └─────────────────────────────────────────────────


──────────────────────────────────────────────────────────────────────
  Epoch 9 started at 14:26:06
──────────────────────────────────────────────────────────────────────
  Epoch 9/80  Step 0/1260  loss=0.3474  ce=0.4745  ctc=0.0507  lr=2.97e-04
  Epoch 9/80  Step 50/1260  loss=0.3251  ce=0.4530  ctc=0.0269  lr=2.97e-04
  Epoch 9/80  Step 100/1260  loss=0.3374  ce=0.4596  ctc=0.0521  lr=2.97e-04
  Epoch 9/80  Step 150/1260  loss=0.3531  ce=0.4769  ctc=0.0642  lr=2.97e-04
  Epoch 9/80  Step 200/1260  loss=0.3371  ce=0.4674  ctc=0.0332  lr=2.97e-04
  [GPU] Mem: 548MB / 25417MB (2.2%) | Peak: 2576MB
  Epoch 9/80  Step 250/1260  loss=0.3666  ce=0.4808  ctc=0.1000  lr=2.97e-04
  Epoch 9/80  Step 300/1260  loss=0.3200  ce=0.4461  ctc=0.0257  lr=2.97e-04
  Epoch 9/80  Step 350/1260  loss=0.3495  ce=0.4774  ctc=0.0511  lr=2.97e-04
  Epoch 9/80  Step 400/1260  loss=0.3422  ce=0.4664  ctc=0.0523  lr=2.97e-04
  [GPU] Mem: 548MB / 25417MB (2.2%) | Peak: 2576MB
  Epoch 9/80  Step 450/1260  loss=0.3368  ce=0.4621  ctc=0.0444  lr=2.97e-04
  Epoch 9/80  Step 500/1260  loss=0.3228  ce=0.4524  ctc=0.0204  lr=2.97e-04
  Epoch 9/80  Step 550/1260  loss=0.3327  ce=0.4577  ctc=0.0411  lr=2.97e-04
  Epoch 9/80  Step 600/1260  loss=0.3260  ce=0.4532  ctc=0.0293  lr=2.96e-04
  [GPU] Mem: 544MB / 25417MB (2.1%) | Peak: 2576MB
  Epoch 9/80  Step 650/1260  loss=0.3543  ce=0.4763  ctc=0.0694  lr=2.96e-04
  Epoch 9/80  Step 700/1260  loss=0.3617  ce=0.4841  ctc=0.0761  lr=2.96e-04
  Epoch 9/80  Step 750/1260  loss=0.3571  ce=0.4882  ctc=0.0512  lr=2.96e-04
  Epoch 9/80  Step 800/1260  loss=0.3600  ce=0.4851  ctc=0.0682  lr=2.96e-04
  [GPU] Mem: 544MB / 25417MB (2.1%) | Peak: 2576MB
  Epoch 9/80  Step 850/1260  loss=0.3380  ce=0.4655  ctc=0.0403  lr=2.96e-04
  Epoch 9/80  Step 900/1260  loss=0.3404  ce=0.4620  ctc=0.0565  lr=2.96e-04
  Epoch 9/80  Step 950/1260  loss=0.3383  ce=0.4583  ctc=0.0582  lr=2.96e-04
  Epoch 9/80  Step 1000/1260  loss=0.3395  ce=0.4674  ctc=0.0410  lr=2.96e-04
  [GPU] Mem: 546MB / 25417MB (2.1%) | Peak: 2576MB
  Epoch 9/80  Step 1050/1260  loss=0.3297  ce=0.4548  ctc=0.0378  lr=2.96e-04
  Epoch 9/80  Step 1100/1260  loss=0.3756  ce=0.4952  ctc=0.0966  lr=2.96e-04
  Epoch 9/80  Step 1150/1260  loss=0.3603  ce=0.4920  ctc=0.0530  lr=2.96e-04
  Epoch 9/80  Step 1200/1260  loss=0.3911  ce=0.5098  ctc=0.1143  lr=2.96e-04
  [GPU] Mem: 542MB / 25417MB (2.1%) | Peak: 2576MB
  Epoch 9/80  Step 1250/1260  loss=0.3741  ce=0.4932  ctc=0.0964  lr=2.96e-04
[Epoch 9] avg_loss=0.3493  time=154s
  [Val epoch 9 (constrained)] loss=0.4391  CER=0.0428  WER=0.2516  avg_pred_len=8.7
  [Val epoch 9 (unconstrained)] loss=0.4391  CER=0.0421  WER=0.2519  avg_pred_len=8.7
  [Checkpoint] epoch=9  val_cer=0.0421  best=0.0421  ★ NEW BEST

  ┌── Epoch 9 Summary ──────────────────────────
  │ Train Loss  : 0.3493
  │ Val CER     : 0.0421 (4.21%)
  │ Epoch Time  : 236s (0:03:56)
  │ Speed       : 341.4 samples/sec
  │ GPU Memory  : 548MB (peak: 2576MB)
  │ Total Time  : 0:45:16
  │ ETA         : 5:57:05 (71 epochs left)
  └─────────────────────────────────────────────────


──────────────────────────────────────────────────────────────────────
  Epoch 10 started at 14:30:02
──────────────────────────────────────────────────────────────────────
  Epoch 10/80  Step 0/1260  loss=0.3351  ce=0.4594  ctc=0.0450  lr=2.96e-04
  Epoch 10/80  Step 50/1260  loss=0.3273  ce=0.4545  ctc=0.0304  lr=2.96e-04
  Epoch 10/80  Step 100/1260  loss=0.3870  ce=0.4925  ctc=0.1408  lr=2.96e-04
  Epoch 10/80  Step 150/1260  loss=0.3256  ce=0.4587  ctc=0.0149  lr=2.96e-04
  Epoch 10/80  Step 200/1260  loss=0.3525  ce=0.4770  ctc=0.0619  lr=2.96e-04
  [GPU] Mem: 548MB / 25417MB (2.2%) | Peak: 2576MB
  Epoch 10/80  Step 250/1260  loss=0.3232  ce=0.4495  ctc=0.0285  lr=2.95e-04
  Epoch 10/80  Step 300/1260  loss=0.3425  ce=0.4711  ctc=0.0422  lr=2.95e-04
  Epoch 10/80  Step 350/1260  loss=0.4057  ce=0.5312  ctc=0.1128  lr=2.95e-04
  Epoch 10/80  Step 400/1260  loss=0.3557  ce=0.4786  ctc=0.0688  lr=2.95e-04
  [GPU] Mem: 546MB / 25417MB (2.1%) | Peak: 2576MB
  Epoch 10/80  Step 450/1260  loss=0.3098  ce=0.4380  ctc=0.0105  lr=2.95e-04
  Epoch 10/80  Step 500/1260  loss=0.3445  ce=0.4713  ctc=0.0486  lr=2.95e-04
  Epoch 10/80  Step 550/1260  loss=0.3920  ce=0.5197  ctc=0.0940  lr=2.95e-04
  Epoch 10/80  Step 600/1260  loss=0.3312  ce=0.4580  ctc=0.0351  lr=2.95e-04
  [GPU] Mem: 547MB / 25417MB (2.2%) | Peak: 2576MB
  Epoch 10/80  Step 650/1260  loss=0.3204  ce=0.4504  ctc=0.0171  lr=2.95e-04
  Epoch 10/80  Step 700/1260  loss=0.3287  ce=0.4542  ctc=0.0360  lr=2.95e-04
  Epoch 10/80  Step 750/1260  loss=0.3734  ce=0.4841  ctc=0.1152  lr=2.95e-04
  Epoch 10/80  Step 800/1260  loss=0.3435  ce=0.4665  ctc=0.0564  lr=2.95e-04
  [GPU] Mem: 548MB / 25417MB (2.2%) | Peak: 2576MB
  Epoch 10/80  Step 850/1260  loss=0.3430  ce=0.4721  ctc=0.0417  lr=2.95e-04
  Epoch 10/80  Step 900/1260  loss=0.3603  ce=0.4898  ctc=0.0581  lr=2.95e-04
  Epoch 10/80  Step 950/1260  loss=0.3316  ce=0.4569  ctc=0.0391  lr=2.95e-04
  Epoch 10/80  Step 1000/1260  loss=0.3816  ce=0.4984  ctc=0.1091  lr=2.95e-04
  [GPU] Mem: 548MB / 25417MB (2.2%) | Peak: 2576MB
  Epoch 10/80  Step 1050/1260  loss=0.3531  ce=0.4738  ctc=0.0712  lr=2.94e-04
  Epoch 10/80  Step 1100/1260  loss=0.3328  ce=0.4580  ctc=0.0406  lr=2.94e-04
  Epoch 10/80  Step 1150/1260  loss=0.3377  ce=0.4544  ctc=0.0654  lr=2.94e-04
  Epoch 10/80  Step 1200/1260  loss=0.3460  ce=0.4802  ctc=0.0328  lr=2.94e-04
  [GPU] Mem: 544MB / 25417MB (2.1%) | Peak: 2576MB
  Epoch 10/80  Step 1250/1260  loss=0.3481  ce=0.4730  ctc=0.0565  lr=2.94e-04
[Epoch 10] avg_loss=0.3445  time=153s
  [Val epoch 10 (constrained)] loss=0.4312  CER=0.0403  WER=0.2371  avg_pred_len=8.7
  [Val epoch 10 (unconstrained)] loss=0.4312  CER=0.0397  WER=0.2376  avg_pred_len=8.7
  [Checkpoint] epoch=10  val_cer=0.0397  best=0.0397  ★ NEW BEST

  Disk usage:
        best.pt     358.4 MB
     current.pt     358.4 MB
    previous.pt     358.4 MB
       TOTAL         1075.3 MB


  ┌── Epoch 10 Summary ──────────────────────────
  │ Train Loss  : 0.3445
  │ Val CER     : 0.0397 (3.97%)
  │ Epoch Time  : 234s (0:03:54)
  │ Speed       : 343.9 samples/sec
  │ GPU Memory  : 548MB (peak: 2576MB)
  │ Total Time  : 0:49:10
  │ ETA         : 5:44:12 (70 epochs left)
  └─────────────────────────────────────────────────


──────────────────────────────────────────────────────────────────────
  Epoch 11 started at 14:33:56
──────────────────────────────────────────────────────────────────────
  Epoch 11/80  Step 0/1260  loss=0.3298  ce=0.4539  ctc=0.0403  lr=2.94e-04
  Epoch 11/80  Step 50/1260  loss=0.3226  ce=0.4465  ctc=0.0333  lr=2.94e-04
  Epoch 11/80  Step 100/1260  loss=0.3329  ce=0.4569  ctc=0.0436  lr=2.94e-04
  Epoch 11/80  Step 150/1260  loss=0.3239  ce=0.4512  ctc=0.0270  lr=2.94e-04
  Epoch 11/80  Step 200/1260  loss=0.3204  ce=0.4489  ctc=0.0207  lr=2.94e-04
  [GPU] Mem: 544MB / 25417MB (2.1%) | Peak: 2576MB
  Epoch 11/80  Step 250/1260  loss=0.3285  ce=0.4557  ctc=0.0319  lr=2.94e-04
  Epoch 11/80  Step 300/1260  loss=0.3376  ce=0.4627  ctc=0.0459  lr=2.94e-04
  Epoch 11/80  Step 350/1260  loss=0.3246  ce=0.4504  ctc=0.0312  lr=2.94e-04
  Epoch 11/80  Step 400/1260  loss=0.3149  ce=0.4432  ctc=0.0153  lr=2.94e-04
  [GPU] Mem: 542MB / 25417MB (2.1%) | Peak: 2576MB
  Epoch 11/80  Step 450/1260  loss=0.3177  ce=0.4426  ctc=0.0264  lr=2.94e-04
  Epoch 11/80  Step 500/1260  loss=0.3416  ce=0.4619  ctc=0.0608  lr=2.94e-04
  Epoch 11/80  Step 550/1260  loss=0.3293  ce=0.4521  ctc=0.0427  lr=2.93e-04
  Epoch 11/80  Step 600/1260  loss=0.3180  ce=0.4411  ctc=0.0306  lr=2.93e-04
  [GPU] Mem: 548MB / 25417MB (2.2%) | Peak: 2576MB
  Epoch 11/80  Step 650/1260  loss=0.3227  ce=0.4509  ctc=0.0236  lr=2.93e-04
  Epoch 11/80  Step 700/1260  loss=0.3140  ce=0.4410  ctc=0.0178  lr=2.93e-04
  Epoch 11/80  Step 750/1260  loss=0.3633  ce=0.4862  ctc=0.0765  lr=2.93e-04
  Epoch 11/80  Step 800/1260  loss=0.3682  ce=0.4893  ctc=0.0856  lr=2.93e-04
  [GPU] Mem: 548MB / 25417MB (2.2%) | Peak: 2576MB
  Epoch 11/80  Step 850/1260  loss=0.4002  ce=0.5204  ctc=0.1197  lr=2.93e-04
  Epoch 11/80  Step 900/1260  loss=0.3117  ce=0.4383  ctc=0.0161  lr=2.93e-04
  Epoch 11/80  Step 950/1260  loss=0.3217  ce=0.4508  ctc=0.0205  lr=2.93e-04
  Epoch 11/80  Step 1000/1260  loss=0.3232  ce=0.4509  ctc=0.0254  lr=2.93e-04
  [GPU] Mem: 548MB / 25417MB (2.2%) | Peak: 2576MB
  Epoch 11/80  Step 1050/1260  loss=0.3591  ce=0.4725  ctc=0.0946  lr=2.93e-04
  Epoch 11/80  Step 1100/1260  loss=0.3259  ce=0.4519  ctc=0.0322  lr=2.93e-04
  Epoch 11/80  Step 1150/1260  loss=0.3596  ce=0.4854  ctc=0.0663  lr=2.93e-04
  Epoch 11/80  Step 1200/1260  loss=0.3570  ce=0.4797  ctc=0.0708  lr=2.92e-04
  [GPU] Mem: 547MB / 25417MB (2.2%) | Peak: 2576MB
  Epoch 11/80  Step 1250/1260  loss=0.3361  ce=0.4593  ctc=0.0485  lr=2.92e-04
[Epoch 11] avg_loss=0.3397  time=154s
  [Val epoch 11 (constrained)] loss=0.4428  CER=0.0419  WER=0.2500  avg_pred_len=8.7
  [Val epoch 11 (unconstrained)] loss=0.4428  CER=0.0413  WER=0.2500  avg_pred_len=8.7
  [Checkpoint] epoch=11  val_cer=0.0413  best=0.0397

  ┌── Epoch 11 Summary ──────────────────────────
  │ Train Loss  : 0.3397
  │ Val CER     : 0.0413 (4.13%)
  │ Epoch Time  : 233s (0:03:52)
  │ Speed       : 346.3 samples/sec
  │ GPU Memory  : 544MB (peak: 2576MB)
  │ Total Time  : 0:53:03
  │ ETA         : 5:32:47 (69 epochs left)
  └─────────────────────────────────────────────────


──────────────────────────────────────────────────────────────────────
  Epoch 12 started at 14:37:49
──────────────────────────────────────────────────────────────────────
  Epoch 12/80  Step 0/1260  loss=0.3172  ce=0.4440  ctc=0.0214  lr=2.92e-04
  Epoch 12/80  Step 50/1260  loss=0.3256  ce=0.4573  ctc=0.0185  lr=2.92e-04
  Epoch 12/80  Step 100/1260  loss=0.3505  ce=0.4697  ctc=0.0724  lr=2.92e-04
  Epoch 12/80  Step 150/1260  loss=0.3440  ce=0.4744  ctc=0.0396  lr=2.92e-04
  Epoch 12/80  Step 200/1260  loss=0.3107  ce=0.4381  ctc=0.0134  lr=2.92e-04
  [GPU] Mem: 548MB / 25417MB (2.2%) | Peak: 2576MB
  Epoch 12/80  Step 250/1260  loss=0.3169  ce=0.4422  ctc=0.0244  lr=2.92e-04
  Epoch 12/80  Step 300/1260  loss=0.3907  ce=0.5035  ctc=0.1276  lr=2.92e-04
  Epoch 12/80  Step 350/1260  loss=0.3541  ce=0.4698  ctc=0.0841  lr=2.92e-04
  Epoch 12/80  Step 400/1260  loss=0.3250  ce=0.4525  ctc=0.0273  lr=2.92e-04
  [GPU] Mem: 546MB / 25417MB (2.1%) | Peak: 2576MB
  Epoch 12/80  Step 450/1260  loss=0.3738  ce=0.4906  ctc=0.1015  lr=2.92e-04
  Epoch 12/80  Step 500/1260  loss=0.3309  ce=0.4614  ctc=0.0263  lr=2.92e-04
  Epoch 12/80  Step 550/1260  loss=0.3406  ce=0.4680  ctc=0.0433  lr=2.92e-04
  Epoch 12/80  Step 600/1260  loss=0.3505  ce=0.4777  ctc=0.0535  lr=2.91e-04
  [GPU] Mem: 544MB / 25417MB (2.1%) | Peak: 2576MB
  Epoch 12/80  Step 650/1260  loss=0.3408  ce=0.4683  ctc=0.0434  lr=2.91e-04
  Epoch 12/80  Step 700/1260  loss=0.3129  ce=0.4381  ctc=0.0206  lr=2.91e-04
  Epoch 12/80  Step 750/1260  loss=0.3280  ce=0.4526  ctc=0.0375  lr=2.91e-04
  Epoch 12/80  Step 800/1260  loss=0.3882  ce=0.5070  ctc=0.1108  lr=2.91e-04
  [GPU] Mem: 546MB / 25417MB (2.1%) | Peak: 2576MB
  Epoch 12/80  Step 850/1260  loss=0.3523  ce=0.4770  ctc=0.0614  lr=2.91e-04
  Epoch 12/80  Step 900/1260  loss=0.4240  ce=0.5394  ctc=0.1548  lr=2.91e-04
  Epoch 12/80  Step 950/1260  loss=0.3130  ce=0.4406  ctc=0.0154  lr=2.91e-04
  Epoch 12/80  Step 1000/1260  loss=0.3378  ce=0.4641  ctc=0.0430  lr=2.91e-04
  [GPU] Mem: 544MB / 25417MB (2.1%) | Peak: 2576MB
  Epoch 12/80  Step 1050/1260  loss=0.3398  ce=0.4669  ctc=0.0432  lr=2.91e-04
  Epoch 12/80  Step 1100/1260  loss=0.3346  ce=0.4542  ctc=0.0553  lr=2.91e-04
  Epoch 12/80  Step 1150/1260  loss=0.3949  ce=0.5149  ctc=0.1149  lr=2.91e-04
  Epoch 12/80  Step 1200/1260  loss=0.3355  ce=0.4620  ctc=0.0403  lr=2.90e-04
  [GPU] Mem: 548MB / 25417MB (2.2%) | Peak: 2576MB
  Epoch 12/80  Step 1250/1260  loss=0.3720  ce=0.4907  ctc=0.0950  lr=2.90e-04
[Epoch 12] avg_loss=0.3356  time=153s
  [Val epoch 12 (constrained)] loss=0.4262  CER=0.0386  WER=0.2268  avg_pred_len=8.7
  [Val epoch 12 (unconstrained)] loss=0.4262  CER=0.0380  WER=0.2270  avg_pred_len=8.7
  [Checkpoint] epoch=12  val_cer=0.0380  best=0.0380  ★ NEW BEST

  ┌── Epoch 12 Summary ──────────────────────────
  │ Train Loss  : 0.3356
  │ Val CER     : 0.0380 (3.80%)
  │ Epoch Time  : 235s (0:03:55)
  │ Speed       : 342.9 samples/sec
  │ GPU Memory  : 544MB (peak: 2576MB)
  │ Total Time  : 0:56:58
  │ ETA         : 5:22:50 (68 epochs left)
  └─────────────────────────────────────────────────


──────────────────────────────────────────────────────────────────────
  Epoch 13 started at 14:41:44
──────────────────────────────────────────────────────────────────────
  Epoch 13/80  Step 0/1260  loss=0.3261  ce=0.4540  ctc=0.0276  lr=2.90e-04
  Epoch 13/80  Step 50/1260  loss=0.3252  ce=0.4492  ctc=0.0358  lr=2.90e-04
  Epoch 13/80  Step 100/1260  loss=0.3185  ce=0.4428  ctc=0.0284  lr=2.90e-04
  Epoch 13/80  Step 150/1260  loss=0.3411  ce=0.4697  ctc=0.0408  lr=2.90e-04
  Epoch 13/80  Step 200/1260  loss=0.3354  ce=0.4603  ctc=0.0440  lr=2.90e-04
  [GPU] Mem: 548MB / 25417MB (2.2%) | Peak: 2576MB
  Epoch 13/80  Step 250/1260  loss=0.3125  ce=0.4343  ctc=0.0284  lr=2.90e-04
  Epoch 13/80  Step 300/1260  loss=0.3232  ce=0.4490  ctc=0.0296  lr=2.90e-04
  Epoch 13/80  Step 350/1260  loss=0.3597  ce=0.4702  ctc=0.1016  lr=2.90e-04
  Epoch 13/80  Step 400/1260  loss=0.3112  ce=0.4389  ctc=0.0133  lr=2.90e-04
  [GPU] Mem: 548MB / 25417MB (2.2%) | Peak: 2576MB
  Epoch 13/80  Step 450/1260  loss=0.3335  ce=0.4594  ctc=0.0395  lr=2.90e-04
  Epoch 13/80  Step 500/1260  loss=0.3447  ce=0.4655  ctc=0.0628  lr=2.89e-04
  Epoch 13/80  Step 550/1260  loss=0.3517  ce=0.4680  ctc=0.0804  lr=2.89e-04
  Epoch 13/80  Step 600/1260  loss=0.3351  ce=0.4636  ctc=0.0351  lr=2.89e-04
  [GPU] Mem: 548MB / 25417MB (2.2%) | Peak: 2576MB
  Epoch 13/80  Step 650/1260  loss=0.3166  ce=0.4455  ctc=0.0158  lr=2.89e-04
  Epoch 13/80  Step 700/1260  loss=0.3300  ce=0.4569  ctc=0.0339  lr=2.89e-04
  Epoch 13/80  Step 750/1260  loss=0.3409  ce=0.4669  ctc=0.0468  lr=2.89e-04
  Epoch 13/80  Step 800/1260  loss=0.3430  ce=0.4684  ctc=0.0504  lr=2.89e-04
  [GPU] Mem: 548MB / 25417MB (2.2%) | Peak: 2576MB
  Epoch 13/80  Step 850/1260  loss=0.3370  ce=0.4555  ctc=0.0604  lr=2.89e-04
  Epoch 13/80  Step 900/1260  loss=0.3404  ce=0.4581  ctc=0.0657  lr=2.89e-04
  Epoch 13/80  Step 950/1260  loss=0.3180  ce=0.4399  ctc=0.0337  lr=2.89e-04
  Epoch 13/80  Step 1000/1260  loss=0.3335  ce=0.4612  ctc=0.0356  lr=2.89e-04
  [GPU] Mem: 546MB / 25417MB (2.1%) | Peak: 2576MB
  Epoch 13/80  Step 1050/1260  loss=0.3200  ce=0.4455  ctc=0.0272  lr=2.88e-04
  Epoch 13/80  Step 1100/1260  loss=0.3388  ce=0.4616  ctc=0.0522  lr=2.88e-04
  Epoch 13/80  Step 1150/1260  loss=0.3196  ce=0.4433  ctc=0.0311  lr=2.88e-04
  Epoch 13/80  Step 1200/1260  loss=0.3912  ce=0.4913  ctc=0.1575  lr=2.88e-04
  [GPU] Mem: 550MB / 25417MB (2.2%) | Peak: 2576MB
  Epoch 13/80  Step 1250/1260  loss=0.3505  ce=0.4623  ctc=0.0895  lr=2.88e-04
[Epoch 13] avg_loss=0.3332  time=153s
  [Val epoch 13 (constrained)] loss=0.4600  CER=0.0454  WER=0.2699  avg_pred_len=8.7
  [Val epoch 13 (unconstrained)] loss=0.4600  CER=0.0444  WER=0.2698  avg_pred_len=8.7
  [Checkpoint] epoch=13  val_cer=0.0444  best=0.0380

  ┌── Epoch 13 Summary ──────────────────────────
  │ Train Loss  : 0.3332
  │ Val CER     : 0.0444 (4.44%)
  │ Epoch Time  : 233s (0:03:52)
  │ Speed       : 346.1 samples/sec
  │ GPU Memory  : 546MB (peak: 2576MB)
  │ Total Time  : 1:00:51
  │ ETA         : 5:13:38 (67 epochs left)
  └─────────────────────────────────────────────────


──────────────────────────────────────────────────────────────────────
  Epoch 14 started at 14:45:37
──────────────────────────────────────────────────────────────────────
  Epoch 14/80  Step 0/1260  loss=0.3263  ce=0.4536  ctc=0.0293  lr=2.88e-04
  Epoch 14/80  Step 50/1260  loss=0.3416  ce=0.4688  ctc=0.0447  lr=2.88e-04
  Epoch 14/80  Step 100/1260  loss=0.3114  ce=0.4387  ctc=0.0144  lr=2.88e-04
  Epoch 14/80  Step 150/1260  loss=0.3368  ce=0.4528  ctc=0.0663  lr=2.88e-04
  Epoch 14/80  Step 200/1260  loss=0.3081  ce=0.4340  ctc=0.0145  lr=2.88e-04
  [GPU] Mem: 547MB / 25417MB (2.2%) | Peak: 2576MB
  Epoch 14/80  Step 250/1260  loss=0.3063  ce=0.4320  ctc=0.0130  lr=2.88e-04
  Epoch 14/80  Step 300/1260  loss=0.3209  ce=0.4458  ctc=0.0295  lr=2.87e-04
  Epoch 14/80  Step 350/1260  loss=0.3510  ce=0.4737  ctc=0.0649  lr=2.87e-04
  Epoch 14/80  Step 400/1260  loss=0.3528  ce=0.4786  ctc=0.0592  lr=2.87e-04
  [GPU] Mem: 548MB / 25417MB (2.2%) | Peak: 2576MB
  Epoch 14/80  Step 450/1260  loss=0.3222  ce=0.4500  ctc=0.0240  lr=2.87e-04
  Epoch 14/80  Step 500/1260  loss=0.3302  ce=0.4540  ctc=0.0414  lr=2.87e-04
  Epoch 14/80  Step 550/1260  loss=0.3324  ce=0.4517  ctc=0.0540  lr=2.87e-04
  Epoch 14/80  Step 600/1260  loss=0.3139  ce=0.4420  ctc=0.0148  lr=2.87e-04
  [GPU] Mem: 548MB / 25417MB (2.2%) | Peak: 2576MB
  Epoch 14/80  Step 650/1260  loss=0.3299  ce=0.4519  ctc=0.0452  lr=2.87e-04
  Epoch 14/80  Step 700/1260  loss=0.3146  ce=0.4438  ctc=0.0130  lr=2.87e-04
  Epoch 14/80  Step 750/1260  loss=0.3240  ce=0.4472  ctc=0.0366  lr=2.87e-04
  Epoch 14/80  Step 800/1260  loss=0.3805  ce=0.4867  ctc=0.1328  lr=2.86e-04
  [GPU] Mem: 548MB / 25417MB (2.2%) | Peak: 2576MB
  Epoch 14/80  Step 850/1260  loss=0.3471  ce=0.4733  ctc=0.0527  lr=2.86e-04
  Epoch 14/80  Step 900/1260  loss=0.3426  ce=0.4682  ctc=0.0493  lr=2.86e-04
  Epoch 14/80  Step 950/1260  loss=0.3420  ce=0.4718  ctc=0.0390  lr=2.86e-04
  Epoch 14/80  Step 1000/1260  loss=0.3242  ce=0.4455  ctc=0.0411  lr=2.86e-04
  [GPU] Mem: 548MB / 25417MB (2.2%) | Peak: 2576MB
  Epoch 14/80  Step 1050/1260  loss=0.3479  ce=0.4648  ctc=0.0750  lr=2.86e-04
  Epoch 14/80  Step 1100/1260  loss=0.3393  ce=0.4628  ctc=0.0511  lr=2.86e-04
  Epoch 14/80  Step 1150/1260  loss=0.3356  ce=0.4574  ctc=0.0514  lr=2.86e-04
  Epoch 14/80  Step 1200/1260  loss=0.3272  ce=0.4528  ctc=0.0342  lr=2.86e-04
  [GPU] Mem: 542MB / 25417MB (2.1%) | Peak: 2576MB
  Epoch 14/80  Step 1250/1260  loss=0.3188  ce=0.4454  ctc=0.0234  lr=2.86e-04
[Epoch 14] avg_loss=0.3294  time=153s
  [Val epoch 14 (constrained)] loss=0.4476  CER=0.0415  WER=0.2452  avg_pred_len=8.7
  [Val epoch 14 (unconstrained)] loss=0.4476  CER=0.0403  WER=0.2460  avg_pred_len=8.7
  [Checkpoint] epoch=14  val_cer=0.0403  best=0.0380

  ┌── Epoch 14 Summary ──────────────────────────
  │ Train Loss  : 0.3294
  │ Val CER     : 0.0403 (4.03%)
  │ Epoch Time  : 233s (0:03:53)
  │ Speed       : 346.0 samples/sec
  │ GPU Memory  : 544MB (peak: 2576MB)
  │ Total Time  : 1:04:44
  │ ETA         : 5:05:12 (66 epochs left)
  └─────────────────────────────────────────────────


──────────────────────────────────────────────────────────────────────
  Epoch 15 started at 14:49:30
──────────────────────────────────────────────────────────────────────
  Epoch 15/80  Step 0/1260  loss=0.3425  ce=0.4683  ctc=0.0490  lr=2.86e-04
  Epoch 15/80  Step 50/1260  loss=0.3200  ce=0.4467  ctc=0.0243  lr=2.85e-04
  Epoch 15/80  Step 100/1260  loss=0.3228  ce=0.4498  ctc=0.0265  lr=2.85e-04
  Epoch 15/80  Step 150/1260  loss=0.3287  ce=0.4512  ctc=0.0429  lr=2.85e-04
  Epoch 15/80  Step 200/1260  loss=0.3128  ce=0.4397  ctc=0.0168  lr=2.85e-04
  [GPU] Mem: 542MB / 25417MB (2.1%) | Peak: 2576MB
  Epoch 15/80  Step 250/1260  loss=0.3458  ce=0.4628  ctc=0.0729  lr=2.85e-04
  Epoch 15/80  Step 300/1260  loss=0.3146  ce=0.4443  ctc=0.0120  lr=2.85e-04
  Epoch 15/80  Step 350/1260  loss=0.3492  ce=0.4664  ctc=0.0757  lr=2.85e-04
  Epoch 15/80  Step 400/1260  loss=0.3129  ce=0.4366  ctc=0.0242  lr=2.85e-04
  [GPU] Mem: 546MB / 25417MB (2.1%) | Peak: 2576MB
  Epoch 15/80  Step 450/1260  loss=0.3599  ce=0.4792  ctc=0.0816  lr=2.85e-04
  Epoch 15/80  Step 500/1260  loss=0.3260  ce=0.4499  ctc=0.0367  lr=2.84e-04
  Epoch 15/80  Step 550/1260  loss=0.3369  ce=0.4653  ctc=0.0371  lr=2.84e-04
  Epoch 15/80  Step 600/1260  loss=0.3293  ce=0.4576  ctc=0.0298  lr=2.84e-04
  [GPU] Mem: 548MB / 25417MB (2.2%) | Peak: 2576MB
  Epoch 15/80  Step 650/1260  loss=0.3104  ce=0.4400  ctc=0.0081  lr=2.84e-04
  Epoch 15/80  Step 700/1260  loss=0.3132  ce=0.4434  ctc=0.0094  lr=2.84e-04
  Epoch 15/80  Step 750/1260  loss=0.3222  ce=0.4460  ctc=0.0333  lr=2.84e-04
  Epoch 15/80  Step 800/1260  loss=0.3222  ce=0.4440  ctc=0.0380  lr=2.84e-04
  [GPU] Mem: 548MB / 25417MB (2.2%) | Peak: 2576MB
  Epoch 15/80  Step 850/1260  loss=0.3185  ce=0.4446  ctc=0.0242  lr=2.84e-04
  Epoch 15/80  Step 900/1260  loss=0.3396  ce=0.4587  ctc=0.0618  lr=2.84e-04
  Epoch 15/80  Step 950/1260  loss=0.3219  ce=0.4499  ctc=0.0231  lr=2.83e-04
  Epoch 15/80  Step 1000/1260  loss=0.3585  ce=0.4776  ctc=0.0808  lr=2.83e-04
  [GPU] Mem: 546MB / 25417MB (2.1%) | Peak: 2576MB
  Epoch 15/80  Step 1050/1260  loss=0.3168  ce=0.4455  ctc=0.0166  lr=2.83e-04
  Epoch 15/80  Step 1100/1260  loss=0.3408  ce=0.4644  ctc=0.0524  lr=2.83e-04
  Epoch 15/80  Step 1150/1260  loss=0.3110  ce=0.4382  ctc=0.0141  lr=2.83e-04
  Epoch 15/80  Step 1200/1260  loss=0.3306  ce=0.4550  ctc=0.0404  lr=2.83e-04
  [GPU] Mem: 548MB / 25417MB (2.2%) | Peak: 2576MB
  Epoch 15/80  Step 1250/1260  loss=0.3200  ce=0.4511  ctc=0.0143  lr=2.83e-04
[Epoch 15] avg_loss=0.3268  time=153s
  [Val epoch 15 (constrained)] loss=0.4543  CER=0.0415  WER=0.2484  avg_pred_len=8.7
  [Val epoch 15 (unconstrained)] loss=0.4543  CER=0.0406  WER=0.2483  avg_pred_len=8.7
  [Checkpoint] epoch=15  val_cer=0.0406  best=0.0380

  Disk usage:
        best.pt     358.4 MB
     current.pt     358.4 MB
    previous.pt     358.4 MB
       TOTAL         1075.3 MB


  ┌── Epoch 15 Summary ──────────────────────────
  │ Train Loss  : 0.3268
  │ Val CER     : 0.0406 (4.06%)
  │ Epoch Time  : 233s (0:03:52)
  │ Speed       : 346.8 samples/sec
  │ GPU Memory  : 548MB (peak: 2576MB)
  │ Total Time  : 1:08:37
  │ ETA         : 4:57:19 (65 epochs left)
  └─────────────────────────────────────────────────


──────────────────────────────────────────────────────────────────────
  Epoch 16 started at 14:53:23
──────────────────────────────────────────────────────────────────────
  Epoch 16/80  Step 0/1260  loss=0.3351  ce=0.4601  ctc=0.0434  lr=2.83e-04
  Epoch 16/80  Step 50/1260  loss=0.3149  ce=0.4411  ctc=0.0207  lr=2.83e-04
  Epoch 16/80  Step 100/1260  loss=0.3086  ce=0.4379  ctc=0.0067  lr=2.83e-04
  Epoch 16/80  Step 150/1260  loss=0.3343  ce=0.4533  ctc=0.0567  lr=2.82e-04
  Epoch 16/80  Step 200/1260  loss=0.3265  ce=0.4477  ctc=0.0439  lr=2.82e-04
  [GPU] Mem: 547MB / 25417MB (2.2%) | Peak: 2576MB
  Epoch 16/80  Step 250/1260  loss=0.3172  ce=0.4455  ctc=0.0177  lr=2.82e-04
  Epoch 16/80  Step 300/1260  loss=0.3106  ce=0.4348  ctc=0.0208  lr=2.82e-04
  Epoch 16/80  Step 350/1260  loss=0.3184  ce=0.4411  ctc=0.0321  lr=2.82e-04
  Epoch 16/80  Step 400/1260  loss=0.3077  ce=0.4357  ctc=0.0091  lr=2.82e-04
  [GPU] Mem: 547MB / 25417MB (2.2%) | Peak: 2576MB
  Epoch 16/80  Step 450/1260  loss=0.3295  ce=0.4517  ctc=0.0443  lr=2.82e-04
  Epoch 16/80  Step 500/1260  loss=0.3340  ce=0.4655  ctc=0.0272  lr=2.82e-04
  Epoch 16/80  Step 550/1260  loss=0.3157  ce=0.4413  ctc=0.0227  lr=2.82e-04
  Epoch 16/80  Step 600/1260  loss=0.3158  ce=0.4440  ctc=0.0168  lr=2.81e-04
  [GPU] Mem: 542MB / 25417MB (2.1%) | Peak: 2576MB
  Epoch 16/80  Step 650/1260  loss=0.3263  ce=0.4557  ctc=0.0243  lr=2.81e-04
  Epoch 16/80  Step 700/1260  loss=0.3306  ce=0.4559  ctc=0.0384  lr=2.81e-04
  Epoch 16/80  Step 750/1260  loss=0.3169  ce=0.4408  ctc=0.0277  lr=2.81e-04
  Epoch 16/80  Step 800/1260  loss=0.3386  ce=0.4643  ctc=0.0452  lr=2.81e-04
  [GPU] Mem: 548MB / 25417MB (2.2%) | Peak: 2576MB
  Epoch 16/80  Step 850/1260  loss=0.3136  ce=0.4425  ctc=0.0127  lr=2.81e-04
  Epoch 16/80  Step 900/1260  loss=0.3218  ce=0.4445  ctc=0.0357  lr=2.81e-04
  Epoch 16/80  Step 950/1260  loss=0.3218  ce=0.4497  ctc=0.0235  lr=2.81e-04
  Epoch 16/80  Step 1000/1260  loss=0.3187  ce=0.4424  ctc=0.0302  lr=2.80e-04
  [GPU] Mem: 542MB / 25417MB (2.1%) | Peak: 2576MB
  Epoch 16/80  Step 1050/1260  loss=0.3373  ce=0.4611  ctc=0.0484  lr=2.80e-04
  Epoch 16/80  Step 1100/1260  loss=0.3604  ce=0.4677  ctc=0.1100  lr=2.80e-04
  Epoch 16/80  Step 1150/1260  loss=0.3369  ce=0.4598  ctc=0.0502  lr=2.80e-04
  Epoch 16/80  Step 1200/1260  loss=0.3416  ce=0.4625  ctc=0.0595  lr=2.80e-04
  [GPU] Mem: 542MB / 25417MB (2.1%) | Peak: 2576MB
  Epoch 16/80  Step 1250/1260  loss=0.3466  ce=0.4727  ctc=0.0522  lr=2.80e-04
[Epoch 16] avg_loss=0.3248  time=153s
  [Val epoch 16 (constrained)] loss=0.4508  CER=0.0425  WER=0.2440  avg_pred_len=8.7
  [Val epoch 16 (unconstrained)] loss=0.4508  CER=0.0418  WER=0.2441  avg_pred_len=8.7
  [Checkpoint] epoch=16  val_cer=0.0418  best=0.0380

  ┌── Epoch 16 Summary ──────────────────────────
  │ Train Loss  : 0.3248
  │ Val CER     : 0.0418 (4.18%)
  │ Epoch Time  : 233s (0:03:52)
  │ Speed       : 346.8 samples/sec
  │ GPU Memory  : 547MB (peak: 2576MB)
  │ Total Time  : 1:12:29
  │ ETA         : 4:49:57 (64 epochs left)
  └─────────────────────────────────────────────────


──────────────────────────────────────────────────────────────────────
  Epoch 17 started at 14:57:15
──────────────────────────────────────────────────────────────────────
  Epoch 17/80  Step 0/1260  loss=0.3057  ce=0.4310  ctc=0.0132  lr=2.80e-04
  Epoch 17/80  Step 50/1260  loss=0.3074  ce=0.4359  ctc=0.0077  lr=2.80e-04
  Epoch 17/80  Step 100/1260  loss=0.3142  ce=0.4438  ctc=0.0120  lr=2.80e-04
  Epoch 17/80  Step 150/1260  loss=0.3174  ce=0.4449  ctc=0.0197  lr=2.79e-04
  Epoch 17/80  Step 200/1260  loss=0.3602  ce=0.4654  ctc=0.1148  lr=2.79e-04
  [GPU] Mem: 548MB / 25417MB (2.2%) | Peak: 2576MB
  Epoch 17/80  Step 250/1260  loss=0.3104  ce=0.4365  ctc=0.0161  lr=2.79e-04
  Epoch 17/80  Step 300/1260  loss=0.3129  ce=0.4398  ctc=0.0166  lr=2.79e-04
  Epoch 17/80  Step 350/1260  loss=0.3121  ce=0.4362  ctc=0.0226  lr=2.79e-04
  Epoch 17/80  Step 400/1260  loss=0.3225  ce=0.4479  ctc=0.0301  lr=2.79e-04
  [GPU] Mem: 548MB / 25417MB (2.2%) | Peak: 2576MB
  Epoch 17/80  Step 450/1260  loss=0.3215  ce=0.4433  ctc=0.0373  lr=2.79e-04
  Epoch 17/80  Step 500/1260  loss=0.3190  ce=0.4448  ctc=0.0255  lr=2.79e-04
  Epoch 17/80  Step 550/1260  loss=0.3355  ce=0.4631  ctc=0.0379  lr=2.78e-04
  Epoch 17/80  Step 600/1260  loss=0.3027  ce=0.4307  ctc=0.0041  lr=2.78e-04
  [GPU] Mem: 546MB / 25417MB (2.1%) | Peak: 2576MB
  Epoch 17/80  Step 650/1260  loss=0.3213  ce=0.4510  ctc=0.0185  lr=2.78e-04
  Epoch 17/80  Step 700/1260  loss=0.3089  ce=0.4346  ctc=0.0156  lr=2.78e-04
  Epoch 17/80  Step 750/1260  loss=0.3350  ce=0.4484  ctc=0.0704  lr=2.78e-04
  Epoch 17/80  Step 800/1260  loss=0.3094  ce=0.4367  ctc=0.0124  lr=2.78e-04
  [GPU] Mem: 547MB / 25417MB (2.2%) | Peak: 2576MB
  Epoch 17/80  Step 850/1260  loss=0.3158  ce=0.4413  ctc=0.0230  lr=2.78e-04
  Epoch 17/80  Step 900/1260  loss=0.3060  ce=0.4333  ctc=0.0090  lr=2.78e-04
  Epoch 17/80  Step 950/1260  loss=0.3156  ce=0.4412  ctc=0.0223  lr=2.77e-04
  Epoch 17/80  Step 1000/1260  loss=0.3124  ce=0.4399  ctc=0.0149  lr=2.77e-04
  [GPU] Mem: 547MB / 25417MB (2.2%) | Peak: 2576MB
  Epoch 17/80  Step 1050/1260  loss=0.3146  ce=0.4441  ctc=0.0126  lr=2.77e-04
  Epoch 17/80  Step 1100/1260  loss=0.3190  ce=0.4497  ctc=0.0138  lr=2.77e-04
  Epoch 17/80  Step 1150/1260  loss=0.3271  ce=0.4536  ctc=0.0321  lr=2.77e-04
  Epoch 17/80  Step 1200/1260  loss=0.3273  ce=0.4549  ctc=0.0296  lr=2.77e-04
  [GPU] Mem: 546MB / 25417MB (2.1%) | Peak: 2576MB
  Epoch 17/80  Step 1250/1260  loss=0.3200  ce=0.4488  ctc=0.0196  lr=2.77e-04
[Epoch 17] avg_loss=0.3223  time=154s
  [Val epoch 17 (constrained)] loss=0.4574  CER=0.0408  WER=0.2500  avg_pred_len=8.8
  [Val epoch 17 (unconstrained)] loss=0.4574  CER=0.0403  WER=0.2503  avg_pred_len=8.8
  [Checkpoint] epoch=17  val_cer=0.0403  best=0.0380

  ┌── Epoch 17 Summary ──────────────────────────
  │ Train Loss  : 0.3223
  │ Val CER     : 0.0403 (4.03%)
  │ Epoch Time  : 234s (0:03:53)
  │ Speed       : 344.6 samples/sec
  │ GPU Memory  : 546MB (peak: 2576MB)
  │ Total Time  : 1:16:23
  │ ETA         : 4:43:05 (63 epochs left)
  └─────────────────────────────────────────────────


──────────────────────────────────────────────────────────────────────
  Epoch 18 started at 15:01:09
──────────────────────────────────────────────────────────────────────
  Epoch 18/80  Step 0/1260  loss=0.3027  ce=0.4305  ctc=0.0045  lr=2.77e-04
  Epoch 18/80  Step 50/1260  loss=0.3134  ce=0.4379  ctc=0.0231  lr=2.77e-04
  Epoch 18/80  Step 100/1260  loss=0.3086  ce=0.4363  ctc=0.0108  lr=2.76e-04
  Epoch 18/80  Step 150/1260  loss=0.3124  ce=0.4383  ctc=0.0187  lr=2.76e-04
  Epoch 18/80  Step 200/1260  loss=0.3116  ce=0.4387  ctc=0.0149  lr=2.76e-04
  [GPU] Mem: 547MB / 25417MB (2.2%) | Peak: 2576MB
  Epoch 18/80  Step 250/1260  loss=0.3240  ce=0.4466  ctc=0.0380  lr=2.76e-04
  Epoch 18/80  Step 300/1260  loss=0.3076  ce=0.4351  ctc=0.0102  lr=2.76e-04
  Epoch 18/80  Step 350/1260  loss=0.3094  ce=0.4351  ctc=0.0161  lr=2.76e-04
  Epoch 18/80  Step 400/1260  loss=0.3077  ce=0.4336  ctc=0.0139  lr=2.76e-04
  [GPU] Mem: 547MB / 25417MB (2.2%) | Peak: 2576MB
  Epoch 18/80  Step 450/1260  loss=0.3128  ce=0.4407  ctc=0.0144  lr=2.75e-04
  Epoch 18/80  Step 500/1260  loss=0.3110  ce=0.4397  ctc=0.0109  lr=2.75e-04
  Epoch 18/80  Step 550/1260  loss=0.3222  ce=0.4465  ctc=0.0322  lr=2.75e-04
  Epoch 18/80  Step 600/1260  loss=0.3435  ce=0.4535  ctc=0.0870  lr=2.75e-04
  [GPU] Mem: 548MB / 25417MB (2.2%) | Peak: 2576MB
  Epoch 18/80  Step 650/1260  loss=0.3206  ce=0.4397  ctc=0.0426  lr=2.75e-04
  Epoch 18/80  Step 700/1260  loss=0.3280  ce=0.4519  ctc=0.0387  lr=2.75e-04
  Epoch 18/80  Step 750/1260  loss=0.3259  ce=0.4500  ctc=0.0363  lr=2.75e-04
  Epoch 18/80  Step 800/1260  loss=0.3160  ce=0.4427  ctc=0.0205  lr=2.75e-04
  [GPU] Mem: 544MB / 25417MB (2.1%) | Peak: 2576MB
  Epoch 18/80  Step 850/1260  loss=0.3233  ce=0.4470  ctc=0.0349  lr=2.74e-04
  Epoch 18/80  Step 900/1260  loss=0.3464  ce=0.4659  ctc=0.0678  lr=2.74e-04
  Epoch 18/80  Step 950/1260  loss=0.3229  ce=0.4516  ctc=0.0226  lr=2.74e-04
  Epoch 18/80  Step 1000/1260  loss=0.3029  ce=0.4300  ctc=0.0063  lr=2.74e-04
  [GPU] Mem: 547MB / 25417MB (2.2%) | Peak: 2576MB
  Epoch 18/80  Step 1050/1260  loss=0.3040  ce=0.4317  ctc=0.0061  lr=2.74e-04
  Epoch 18/80  Step 1100/1260  loss=0.3617  ce=0.4801  ctc=0.0856  lr=2.74e-04
  Epoch 18/80  Step 1150/1260  loss=0.3093  ce=0.4329  ctc=0.0210  lr=2.74e-04
  Epoch 18/80  Step 1200/1260  loss=0.3229  ce=0.4435  ctc=0.0417  lr=2.73e-04
  [GPU] Mem: 546MB / 25417MB (2.1%) | Peak: 2576MB
  Epoch 18/80  Step 1250/1260  loss=0.3081  ce=0.4346  ctc=0.0130  lr=2.73e-04
[Epoch 18] avg_loss=0.3209  time=153s
  [Val epoch 18 (constrained)] loss=0.4581  CER=0.0416  WER=0.2368  avg_pred_len=8.7
  [Val epoch 18 (unconstrained)] loss=0.4581  CER=0.0405  WER=0.2374  avg_pred_len=8.7
  [Checkpoint] epoch=18  val_cer=0.0405  best=0.0380

  ┌── Epoch 18 Summary ──────────────────────────
  │ Train Loss  : 0.3209
  │ Val CER     : 0.0405 (4.05%)
  │ Epoch Time  : 232s (0:03:52)
  │ Speed       : 347.1 samples/sec
  │ GPU Memory  : 544MB (peak: 2576MB)
  │ Total Time  : 1:20:16
  │ ETA         : 4:36:27 (62 epochs left)
  └─────────────────────────────────────────────────


──────────────────────────────────────────────────────────────────────
  Epoch 19 started at 15:05:02
──────────────────────────────────────────────────────────────────────
  Epoch 19/80  Step 0/1260  loss=0.3071  ce=0.4331  ctc=0.0130  lr=2.73e-04
  Epoch 19/80  Step 50/1260  loss=0.3194  ce=0.4450  ctc=0.0265  lr=2.73e-04
  Epoch 19/80  Step 100/1260  loss=0.3281  ce=0.4523  ctc=0.0382  lr=2.73e-04
  Epoch 19/80  Step 150/1260  loss=0.3219  ce=0.4489  ctc=0.0256  lr=2.73e-04
  Epoch 19/80  Step 200/1260  loss=0.3107  ce=0.4372  ctc=0.0155  lr=2.73e-04
  [GPU] Mem: 547MB / 25417MB (2.2%) | Peak: 2576MB
  Epoch 19/80  Step 250/1260  loss=0.3301  ce=0.4572  ctc=0.0334  lr=2.73e-04
  Epoch 19/80  Step 300/1260  loss=0.3438  ce=0.4612  ctc=0.0699  lr=2.72e-04
  Epoch 19/80  Step 350/1260  loss=0.3146  ce=0.4422  ctc=0.0168  lr=2.72e-04
  Epoch 19/80  Step 400/1260  loss=0.3084  ce=0.4329  ctc=0.0178  lr=2.72e-04
  [GPU] Mem: 548MB / 25417MB (2.2%) | Peak: 2576MB
  Epoch 19/80  Step 450/1260  loss=0.3130  ce=0.4394  ctc=0.0181  lr=2.72e-04
  Epoch 19/80  Step 500/1260  loss=0.3397  ce=0.4623  ctc=0.0535  lr=2.72e-04
  Epoch 19/80  Step 550/1260  loss=0.3430  ce=0.4593  ctc=0.0715  lr=2.72e-04
  Epoch 19/80  Step 600/1260  loss=0.3189  ce=0.4440  ctc=0.0269  lr=2.72e-04
  [GPU] Mem: 544MB / 25417MB (2.1%) | Peak: 2576MB
  Epoch 19/80  Step 650/1260  loss=0.3219  ce=0.4496  ctc=0.0239  lr=2.71e-04
  Epoch 19/80  Step 700/1260  loss=0.3066  ce=0.4336  ctc=0.0103  lr=2.71e-04
  Epoch 19/80  Step 750/1260  loss=0.3022  ce=0.4288  ctc=0.0069  lr=2.71e-04
  Epoch 19/80  Step 800/1260  loss=0.3121  ce=0.4412  ctc=0.0109  lr=2.71e-04
  [GPU] Mem: 547MB / 25417MB (2.2%) | Peak: 2576MB
  Epoch 19/80  Step 850/1260  loss=0.3126  ce=0.4432  ctc=0.0078  lr=2.71e-04
  Epoch 19/80  Step 900/1260  loss=0.3440  ce=0.4777  ctc=0.0322  lr=2.71e-04
  Epoch 19/80  Step 950/1260  loss=0.3284  ce=0.4540  ctc=0.0352  lr=2.71e-04
  Epoch 19/80  Step 1000/1260  loss=0.3315  ce=0.4456  ctc=0.0652  lr=2.70e-04
  [GPU] Mem: 548MB / 25417MB (2.2%) | Peak: 2576MB
  Epoch 19/80  Step 1050/1260  loss=0.3384  ce=0.4667  ctc=0.0390  lr=2.70e-04
  Epoch 19/80  Step 1100/1260  loss=0.3247  ce=0.4525  ctc=0.0264  lr=2.70e-04
  Epoch 19/80  Step 1150/1260  loss=0.3146  ce=0.4405  ctc=0.0207  lr=2.70e-04
  Epoch 19/80  Step 1200/1260  loss=0.3254  ce=0.4472  ctc=0.0414  lr=2.70e-04
  [GPU] Mem: 544MB / 25417MB (2.1%) | Peak: 2576MB
  Epoch 19/80  Step 1250/1260  loss=0.3158  ce=0.4446  ctc=0.0153  lr=2.70e-04
[Epoch 19] avg_loss=0.3190  time=153s
  [Val epoch 19 (constrained)] loss=0.4492  CER=0.0386  WER=0.2284  avg_pred_len=8.7
  [Val epoch 19 (unconstrained)] loss=0.4492  CER=0.0380  WER=0.2291  avg_pred_len=8.7
  [Checkpoint] epoch=19  val_cer=0.0380  best=0.0380

  ┌── Epoch 19 Summary ──────────────────────────
  │ Train Loss  : 0.3190
  │ Val CER     : 0.0380 (3.80%)
  │ Epoch Time  : 233s (0:03:52)
  │ Speed       : 346.3 samples/sec
  │ GPU Memory  : 542MB (peak: 2576MB)
  │ Total Time  : 1:24:09
  │ ETA         : 4:30:08 (61 epochs left)
  └─────────────────────────────────────────────────


──────────────────────────────────────────────────────────────────────
  Epoch 20 started at 15:08:55
──────────────────────────────────────────────────────────────────────
  Epoch 20/80  Step 0/1260  loss=0.3091  ce=0.4340  ctc=0.0177  lr=2.70e-04
  Epoch 20/80  Step 50/1260  loss=0.3227  ce=0.4461  ctc=0.0348  lr=2.70e-04
  Epoch 20/80  Step 100/1260  loss=0.3159  ce=0.4415  ctc=0.0229  lr=2.69e-04
  Epoch 20/80  Step 150/1260  loss=0.3011  ce=0.4275  ctc=0.0061  lr=2.69e-04
  Epoch 20/80  Step 200/1260  loss=0.3158  ce=0.4439  ctc=0.0167  lr=2.69e-04
  [GPU] Mem: 544MB / 25417MB (2.1%) | Peak: 2576MB
  Epoch 20/80  Step 250/1260  loss=0.3177  ce=0.4405  ctc=0.0309  lr=2.69e-04
  Epoch 20/80  Step 300/1260  loss=0.3267  ce=0.4512  ctc=0.0363  lr=2.69e-04
  Epoch 20/80  Step 350/1260  loss=0.3654  ce=0.4853  ctc=0.0856  lr=2.69e-04
  Epoch 20/80  Step 400/1260  loss=0.3066  ce=0.4356  ctc=0.0056  lr=2.68e-04
  [GPU] Mem: 548MB / 25417MB (2.2%) | Peak: 2576MB
  Epoch 20/80  Step 450/1260  loss=0.3031  ce=0.4305  ctc=0.0058  lr=2.68e-04
  Epoch 20/80  Step 500/1260  loss=0.3112  ce=0.4396  ctc=0.0114  lr=2.68e-04
  Epoch 20/80  Step 550/1260  loss=0.3133  ce=0.4385  ctc=0.0211  lr=2.68e-04
  Epoch 20/80  Step 600/1260  loss=0.3241  ce=0.4546  ctc=0.0198  lr=2.68e-04
  [GPU] Mem: 546MB / 25417MB (2.1%) | Peak: 2576MB
  Epoch 20/80  Step 650/1260  loss=0.3078  ce=0.4334  ctc=0.0147  lr=2.68e-04
  Epoch 20/80  Step 700/1260  loss=0.3070  ce=0.4341  ctc=0.0105  lr=2.68e-04
  Epoch 20/80  Step 750/1260  loss=0.3131  ce=0.4365  ctc=0.0253  lr=2.67e-04
  Epoch 20/80  Step 800/1260  loss=0.3218  ce=0.4427  ctc=0.0395  lr=2.67e-04
  [GPU] Mem: 546MB / 25417MB (2.1%) | Peak: 2576MB
  Epoch 20/80  Step 850/1260  loss=0.3121  ce=0.4329  ctc=0.0303  lr=2.67e-04
  Epoch 20/80  Step 900/1260  loss=0.3383  ce=0.4568  ctc=0.0619  lr=2.67e-04
  Epoch 20/80  Step 950/1260  loss=0.3131  ce=0.4378  ctc=0.0223  lr=2.67e-04
  Epoch 20/80  Step 1000/1260  loss=0.3130  ce=0.4394  ctc=0.0181  lr=2.67e-04
  [GPU] Mem: 548MB / 25417MB (2.2%) | Peak: 2576MB
  Epoch 20/80  Step 1050/1260  loss=0.3480  ce=0.4613  ctc=0.0838  lr=2.67e-04
  Epoch 20/80  Step 1100/1260  loss=0.3060  ce=0.4298  ctc=0.0170  lr=2.66e-04
  Epoch 20/80  Step 1150/1260  loss=0.3015  ce=0.4273  ctc=0.0080  lr=2.66e-04
  Epoch 20/80  Step 1200/1260  loss=0.3345  ce=0.4638  ctc=0.0328  lr=2.66e-04
  [GPU] Mem: 546MB / 25417MB (2.1%) | Peak: 2576MB
  Epoch 20/80  Step 1250/1260  loss=0.3057  ce=0.4329  ctc=0.0090  lr=2.66e-04
[Epoch 20] avg_loss=0.3174  time=153s
  [Val epoch 20 (constrained)] loss=0.4390  CER=0.0359  WER=0.2201  avg_pred_len=8.7
  [Val epoch 20 (unconstrained)] loss=0.4390  CER=0.0350  WER=0.2201  avg_pred_len=8.7
  [Checkpoint] epoch=20  val_cer=0.0350  best=0.0350  ★ NEW BEST

  Disk usage:
        best.pt     358.4 MB
     current.pt     358.4 MB
    previous.pt     358.4 MB
       TOTAL         1075.3 MB


  ┌── Epoch 20 Summary ──────────────────────────
  │ Train Loss  : 0.3174
  │ Val CER     : 0.0350 (3.50%)
  │ Epoch Time  : 235s (0:03:54)
  │ Speed       : 343.6 samples/sec
  │ GPU Memory  : 546MB (peak: 2576MB)
  │ Total Time  : 1:28:03
  │ ETA         : 4:24:09 (60 epochs left)
  └─────────────────────────────────────────────────


──────────────────────────────────────────────────────────────────────
  Epoch 21 started at 15:12:49
──────────────────────────────────────────────────────────────────────
  Epoch 21/80  Step 0/1260  loss=0.3031  ce=0.4296  ctc=0.0078  lr=2.66e-04
  Epoch 21/80  Step 50/1260  loss=0.3002  ce=0.4264  ctc=0.0059  lr=2.66e-04
  Epoch 21/80  Step 100/1260  loss=0.3316  ce=0.4617  ctc=0.0278  lr=2.66e-04
  Epoch 21/80  Step 150/1260  loss=0.3278  ce=0.4509  ctc=0.0405  lr=2.65e-04
  Epoch 21/80  Step 200/1260  loss=0.3048  ce=0.4300  ctc=0.0125  lr=2.65e-04
  [GPU] Mem: 546MB / 25417MB (2.1%) | Peak: 2576MB
  Epoch 21/80  Step 250/1260  loss=0.3120  ce=0.4370  ctc=0.0203  lr=2.65e-04
  Epoch 21/80  Step 300/1260  loss=0.3058  ce=0.4302  ctc=0.0155  lr=2.65e-04
  Epoch 21/80  Step 350/1260  loss=0.3048  ce=0.4318  ctc=0.0085  lr=2.65e-04
  Epoch 21/80  Step 400/1260  loss=0.3214  ce=0.4514  ctc=0.0180  lr=2.65e-04
  [GPU] Mem: 544MB / 25417MB (2.1%) | Peak: 2576MB
  Epoch 21/80  Step 450/1260  loss=0.3031  ce=0.4295  ctc=0.0083  lr=2.64e-04
  Epoch 21/80  Step 500/1260  loss=0.3160  ce=0.4397  ctc=0.0275  lr=2.64e-04
  Epoch 21/80  Step 550/1260  loss=0.3066  ce=0.4309  ctc=0.0168  lr=2.64e-04
  Epoch 21/80  Step 600/1260  loss=0.3344  ce=0.4487  ctc=0.0676  lr=2.64e-04
  [GPU] Mem: 544MB / 25417MB (2.1%) | Peak: 2576MB
  Epoch 21/80  Step 650/1260  loss=0.3105  ce=0.4357  ctc=0.0183  lr=2.64e-04
  Epoch 21/80  Step 700/1260  loss=0.3184  ce=0.4451  ctc=0.0227  lr=2.64e-04
  Epoch 21/80  Step 750/1260  loss=0.3004  ce=0.4275  ctc=0.0040  lr=2.64e-04
  Epoch 21/80  Step 800/1260  loss=0.3004  ce=0.4266  ctc=0.0059  lr=2.63e-04
  [GPU] Mem: 547MB / 25417MB (2.2%) | Peak: 2576MB
  Epoch 21/80  Step 850/1260  loss=0.3051  ce=0.4307  ctc=0.0123  lr=2.63e-04
  Epoch 21/80  Step 900/1260  loss=0.3139  ce=0.4384  ctc=0.0233  lr=2.63e-04
  Epoch 21/80  Step 950/1260  loss=0.3152  ce=0.4452  ctc=0.0120  lr=2.63e-04
  Epoch 21/80  Step 1000/1260  loss=0.3169  ce=0.4473  ctc=0.0128  lr=2.63e-04
  [GPU] Mem: 542MB / 25417MB (2.1%) | Peak: 2576MB
  Epoch 21/80  Step 1050/1260  loss=0.3100  ce=0.4374  ctc=0.0126  lr=2.63e-04
  Epoch 21/80  Step 1100/1260  loss=0.3088  ce=0.4338  ctc=0.0172  lr=2.62e-04
  Epoch 21/80  Step 1150/1260  loss=0.3136  ce=0.4453  ctc=0.0060  lr=2.62e-04
  Epoch 21/80  Step 1200/1260  loss=0.3208  ce=0.4489  ctc=0.0219  lr=2.62e-04
  [GPU] Mem: 548MB / 25417MB (2.2%) | Peak: 2576MB
  Epoch 21/80  Step 1250/1260  loss=0.3212  ce=0.4427  ctc=0.0376  lr=2.62e-04
[Epoch 21] avg_loss=0.3157  time=153s
  [Val epoch 21 (constrained)] loss=0.4417  CER=0.0374  WER=0.2287  avg_pred_len=8.7
  [Val epoch 21 (unconstrained)] loss=0.4417  CER=0.0366  WER=0.2288  avg_pred_len=8.7
  [Checkpoint] epoch=21  val_cer=0.0366  best=0.0350

  ┌── Epoch 21 Summary ──────────────────────────
  │ Train Loss  : 0.3157
  │ Val CER     : 0.0366 (3.66%)
  │ Epoch Time  : 233s (0:03:52)
  │ Speed       : 346.2 samples/sec
  │ GPU Memory  : 546MB (peak: 2576MB)
  │ Total Time  : 1:31:56
  │ ETA         : 4:18:17 (59 epochs left)
  └─────────────────────────────────────────────────


──────────────────────────────────────────────────────────────────────
  Epoch 22 started at 15:16:42
──────────────────────────────────────────────────────────────────────
  Epoch 22/80  Step 0/1260  loss=0.3034  ce=0.4324  ctc=0.0022  lr=2.62e-04
  Epoch 22/80  Step 50/1260  loss=0.3076  ce=0.4310  ctc=0.0197  lr=2.62e-04
  Epoch 22/80  Step 100/1260  loss=0.3170  ce=0.4431  ctc=0.0229  lr=2.62e-04
  Epoch 22/80  Step 150/1260  loss=0.3054  ce=0.4338  ctc=0.0057  lr=2.61e-04
  Epoch 22/80  Step 200/1260  loss=0.3151  ce=0.4384  ctc=0.0272  lr=2.61e-04
  [GPU] Mem: 548MB / 25417MB (2.2%) | Peak: 2576MB
  Epoch 22/80  Step 250/1260  loss=0.3101  ce=0.4392  ctc=0.0089  lr=2.61e-04
  Epoch 22/80  Step 300/1260  loss=0.3234  ce=0.4469  ctc=0.0353  lr=2.61e-04
  Epoch 22/80  Step 350/1260  loss=0.3106  ce=0.4367  ctc=0.0164  lr=2.61e-04
  Epoch 22/80  Step 400/1260  loss=0.3196  ce=0.4465  ctc=0.0236  lr=2.61e-04
  [GPU] Mem: 548MB / 25417MB (2.2%) | Peak: 2576MB
  Epoch 22/80  Step 450/1260  loss=0.3094  ce=0.4334  ctc=0.0201  lr=2.60e-04
  Epoch 22/80  Step 500/1260  loss=0.3202  ce=0.4505  ctc=0.0160  lr=2.60e-04
  Epoch 22/80  Step 550/1260  loss=0.3535  ce=0.4704  ctc=0.0808  lr=2.60e-04
  Epoch 22/80  Step 600/1260  loss=0.3184  ce=0.4441  ctc=0.0252  lr=2.60e-04
  [GPU] Mem: 544MB / 25417MB (2.1%) | Peak: 2576MB
  Epoch 22/80  Step 650/1260  loss=0.3091  ce=0.4334  ctc=0.0191  lr=2.60e-04
  Epoch 22/80  Step 700/1260  loss=0.3353  ce=0.4587  ctc=0.0474  lr=2.60e-04
  Epoch 22/80  Step 750/1260  loss=0.3402  ce=0.4503  ctc=0.0834  lr=2.59e-04
  Epoch 22/80  Step 800/1260  loss=0.3041  ce=0.4321  ctc=0.0054  lr=2.59e-04
  [GPU] Mem: 546MB / 25417MB (2.1%) | Peak: 2576MB
  Epoch 22/80  Step 850/1260  loss=0.3102  ce=0.4376  ctc=0.0131  lr=2.59e-04
  Epoch 22/80  Step 900/1260  loss=0.3534  ce=0.4778  ctc=0.0633  lr=2.59e-04
  Epoch 22/80  Step 950/1260  loss=0.3207  ce=0.4446  ctc=0.0315  lr=2.59e-04
  Epoch 22/80  Step 1000/1260  loss=0.3151  ce=0.4431  ctc=0.0165  lr=2.59e-04
  [GPU] Mem: 544MB / 25417MB (2.1%) | Peak: 2576MB
  Epoch 22/80  Step 1050/1260  loss=0.3666  ce=0.4831  ctc=0.0949  lr=2.58e-04
  Epoch 22/80  Step 1100/1260  loss=0.3128  ce=0.4415  ctc=0.0126  lr=2.58e-04
  Epoch 22/80  Step 1150/1260  loss=0.3329  ce=0.4606  ctc=0.0349  lr=2.58e-04
  Epoch 22/80  Step 1200/1260  loss=0.3073  ce=0.4346  ctc=0.0103  lr=2.58e-04
  [GPU] Mem: 544MB / 25417MB (2.1%) | Peak: 2576MB
  Epoch 22/80  Step 1250/1260  loss=0.3053  ce=0.4316  ctc=0.0108  lr=2.58e-04
[Epoch 22] avg_loss=0.3147  time=154s
  [Val epoch 22 (constrained)] loss=0.4248  CER=0.0337  WER=0.2042  avg_pred_len=8.7
  [Val epoch 22 (unconstrained)] loss=0.4248  CER=0.0330  WER=0.2036  avg_pred_len=8.7
  [Checkpoint] epoch=22  val_cer=0.0330  best=0.0330  ★ NEW BEST

  ┌── Epoch 22 Summary ──────────────────────────
  │ Train Loss  : 0.3147
  │ Val CER     : 0.0330 (3.30%)
  │ Epoch Time  : 236s (0:03:55)
  │ Speed       : 342.2 samples/sec
  │ GPU Memory  : 543MB (peak: 2576MB)
  │ Total Time  : 1:35:52
  │ ETA         : 4:12:43 (58 epochs left)
  └─────────────────────────────────────────────────


──────────────────────────────────────────────────────────────────────
  Epoch 23 started at 15:20:38
──────────────────────────────────────────────────────────────────────
  Epoch 23/80  Step 0/1260  loss=0.3137  ce=0.4401  ctc=0.0187  lr=2.58e-04
  Epoch 23/80  Step 50/1260  loss=0.3027  ce=0.4318  ctc=0.0015  lr=2.58e-04
  Epoch 23/80  Step 100/1260  loss=0.3027  ce=0.4304  ctc=0.0045  lr=2.57e-04
  Epoch 23/80  Step 150/1260  loss=0.3299  ce=0.4570  ctc=0.0335  lr=2.57e-04
  Epoch 23/80  Step 200/1260  loss=0.3441  ce=0.4557  ctc=0.0837  lr=2.57e-04
  [GPU] Mem: 542MB / 25417MB (2.1%) | Peak: 2576MB
  Epoch 23/80  Step 250/1260  loss=0.2991  ce=0.4262  ctc=0.0026  lr=2.57e-04
  Epoch 23/80  Step 300/1260  loss=0.3352  ce=0.4547  ctc=0.0564  lr=2.57e-04
  Epoch 23/80  Step 350/1260  loss=0.3011  ce=0.4277  ctc=0.0056  lr=2.57e-04
  Epoch 23/80  Step 400/1260  loss=0.3103  ce=0.4385  ctc=0.0113  lr=2.56e-04
  [GPU] Mem: 548MB / 25417MB (2.2%) | Peak: 2576MB
  Epoch 23/80  Step 450/1260  loss=0.3044  ce=0.4321  ctc=0.0064  lr=2.56e-04
  Epoch 23/80  Step 500/1260  loss=0.3101  ce=0.4395  ctc=0.0082  lr=2.56e-04
  Epoch 23/80  Step 550/1260  loss=0.3239  ce=0.4501  ctc=0.0293  lr=2.56e-04
  Epoch 23/80  Step 600/1260  loss=0.3194  ce=0.4413  ctc=0.0348  lr=2.56e-04
  [GPU] Mem: 548MB / 25417MB (2.2%) | Peak: 2576MB
  Epoch 23/80  Step 650/1260  loss=0.3980  ce=0.4443  ctc=0.2901  lr=2.55e-04
  Epoch 23/80  Step 700/1260  loss=0.3286  ce=0.4394  ctc=0.0700  lr=2.55e-04
  Epoch 23/80  Step 750/1260  loss=0.3475  ce=0.4538  ctc=0.0995  lr=2.55e-04
  Epoch 23/80  Step 800/1260  loss=0.3477  ce=0.4626  ctc=0.0796  lr=2.55e-04
  [GPU] Mem: 546MB / 25417MB (2.1%) | Peak: 2576MB
  Epoch 23/80  Step 850/1260  loss=0.3365  ce=0.4468  ctc=0.0792  lr=2.55e-04
  Epoch 23/80  Step 900/1260  loss=0.3137  ce=0.4381  ctc=0.0236  lr=2.55e-04
  Epoch 23/80  Step 950/1260  loss=0.3460  ce=0.4566  ctc=0.0880  lr=2.54e-04
  Epoch 23/80  Step 1000/1260  loss=0.3016  ce=0.4279  ctc=0.0070  lr=2.54e-04
  [GPU] Mem: 548MB / 25417MB (2.2%) | Peak: 2576MB
  Epoch 23/80  Step 1050/1260  loss=0.3016  ce=0.4289  ctc=0.0047  lr=2.54e-04
  Epoch 23/80  Step 1100/1260  loss=0.3252  ce=0.4496  ctc=0.0349  lr=2.54e-04
  Epoch 23/80  Step 1150/1260  loss=0.3353  ce=0.4501  ctc=0.0674  lr=2.54e-04
  Epoch 23/80  Step 1200/1260  loss=0.3014  ce=0.4291  ctc=0.0035  lr=2.54e-04
  [GPU] Mem: 544MB / 25417MB (2.1%) | Peak: 2576MB
  Epoch 23/80  Step 1250/1260  loss=0.3051  ce=0.4295  ctc=0.0148  lr=2.53e-04
[Epoch 23] avg_loss=0.3137  time=153s
  [Val epoch 23 (constrained)] loss=0.4315  CER=0.0340  WER=0.2083  avg_pred_len=8.7
  [Val epoch 23 (unconstrained)] loss=0.4315  CER=0.0334  WER=0.2078  avg_pred_len=8.7
  [Checkpoint] epoch=23  val_cer=0.0334  best=0.0330

  ┌── Epoch 23 Summary ──────────────────────────
  │ Train Loss  : 0.3137
  │ Val CER     : 0.0334 (3.34%)
  │ Epoch Time  : 233s (0:03:52)
  │ Speed       : 346.7 samples/sec
  │ GPU Memory  : 544MB (peak: 2576MB)
  │ Total Time  : 1:39:44
  │ ETA         : 4:07:10 (57 epochs left)
  └─────────────────────────────────────────────────


──────────────────────────────────────────────────────────────────────
  Epoch 24 started at 15:24:30
──────────────────────────────────────────────────────────────────────
  Epoch 24/80  Step 0/1260  loss=0.3074  ce=0.4350  ctc=0.0095  lr=2.53e-04
  Epoch 24/80  Step 50/1260  loss=0.3069  ce=0.4329  ctc=0.0127  lr=2.53e-04
  Epoch 24/80  Step 100/1260  loss=0.3034  ce=0.4306  ctc=0.0066  lr=2.53e-04
  Epoch 24/80  Step 150/1260  loss=0.3210  ce=0.4472  ctc=0.0266  lr=2.53e-04
  Epoch 24/80  Step 200/1260  loss=0.3130  ce=0.4380  ctc=0.0213  lr=2.53e-04
  [GPU] Mem: 546MB / 25417MB (2.1%) | Peak: 2576MB
  Epoch 24/80  Step 250/1260  loss=0.3164  ce=0.4424  ctc=0.0225  lr=2.52e-04
  Epoch 24/80  Step 300/1260  loss=0.3043  ce=0.4324  ctc=0.0053  lr=2.52e-04
  Epoch 24/80  Step 350/1260  loss=0.2997  ce=0.4258  ctc=0.0055  lr=2.52e-04
  Epoch 24/80  Step 400/1260  loss=0.3099  ce=0.4351  ctc=0.0177  lr=2.52e-04
  [GPU] Mem: 544MB / 25417MB (2.1%) | Peak: 2576MB
  Epoch 24/80  Step 450/1260  loss=0.3027  ce=0.4309  ctc=0.0036  lr=2.52e-04
  Epoch 24/80  Step 500/1260  loss=0.3092  ce=0.4360  ctc=0.0133  lr=2.52e-04
  Epoch 24/80  Step 550/1260  loss=0.3286  ce=0.4450  ctc=0.0569  lr=2.51e-04
  Epoch 24/80  Step 600/1260  loss=0.3442  ce=0.4694  ctc=0.0521  lr=2.51e-04
  [GPU] Mem: 544MB / 25417MB (2.1%) | Peak: 2576MB
  Epoch 24/80  Step 650/1260  loss=0.3037  ce=0.4280  ctc=0.0136  lr=2.51e-04
  Epoch 24/80  Step 700/1260  loss=0.3424  ce=0.4627  ctc=0.0617  lr=2.51e-04
  Epoch 24/80  Step 750/1260  loss=0.3011  ce=0.4275  ctc=0.0060  lr=2.51e-04
  Epoch 24/80  Step 800/1260  loss=0.3256  ce=0.4473  ctc=0.0417  lr=2.50e-04
  [GPU] Mem: 548MB / 25417MB (2.2%) | Peak: 2576MB
  Epoch 24/80  Step 850/1260  loss=0.3057  ce=0.4355  ctc=0.0028  lr=2.50e-04
  Epoch 24/80  Step 900/1260  loss=0.3292  ce=0.4531  ctc=0.0401  lr=2.50e-04
  Epoch 24/80  Step 950/1260  loss=0.3050  ce=0.4316  ctc=0.0096  lr=2.50e-04
  Epoch 24/80  Step 1000/1260  loss=0.3067  ce=0.4311  ctc=0.0166  lr=2.50e-04
  [GPU] Mem: 546MB / 25417MB (2.1%) | Peak: 2576MB
  Epoch 24/80  Step 1050/1260  loss=0.3114  ce=0.4372  ctc=0.0179  lr=2.50e-04
  Epoch 24/80  Step 1100/1260  loss=0.3059  ce=0.4313  ctc=0.0132  lr=2.49e-04
  Epoch 24/80  Step 1150/1260  loss=0.3078  ce=0.4347  ctc=0.0118  lr=2.49e-04
  Epoch 24/80  Step 1200/1260  loss=0.3056  ce=0.4303  ctc=0.0145  lr=2.49e-04
  [GPU] Mem: 548MB / 25417MB (2.2%) | Peak: 2576MB
  Epoch 24/80  Step 1250/1260  loss=0.3095  ce=0.4344  ctc=0.0180  lr=2.49e-04
[Epoch 24] avg_loss=0.3123  time=153s
  [Val epoch 24 (constrained)] loss=0.4295  CER=0.0323  WER=0.2017  avg_pred_len=8.7
  [Val epoch 24 (unconstrained)] loss=0.4295  CER=0.0318  WER=0.2026  avg_pred_len=8.7
  [Checkpoint] epoch=24  val_cer=0.0318  best=0.0318  ★ NEW BEST

  ┌── Epoch 24 Summary ──────────────────────────
  │ Train Loss  : 0.3123
  │ Val CER     : 0.0318 (3.18%)
  │ Epoch Time  : 236s (0:03:55)
  │ Speed       : 342.2 samples/sec
  │ GPU Memory  : 544MB (peak: 2576MB)
  │ Total Time  : 1:43:40
  │ ETA         : 4:01:53 (56 epochs left)
  └─────────────────────────────────────────────────


──────────────────────────────────────────────────────────────────────
  Epoch 25 started at 15:28:26
──────────────────────────────────────────────────────────────────────
  Epoch 25/80  Step 0/1260  loss=0.3041  ce=0.4323  ctc=0.0049  lr=2.49e-04
  Epoch 25/80  Step 50/1260  loss=0.2987  ce=0.4258  ctc=0.0023  lr=2.49e-04
  Epoch 25/80  Step 100/1260  loss=0.2985  ce=0.4258  ctc=0.0014  lr=2.48e-04
  Epoch 25/80  Step 150/1260  loss=0.3142  ce=0.4419  ctc=0.0160  lr=2.48e-04
  Epoch 25/80  Step 200/1260  loss=0.3171  ce=0.4382  ctc=0.0345  lr=2.48e-04
  [GPU] Mem: 546MB / 25417MB (2.1%) | Peak: 2576MB
  Epoch 25/80  Step 250/1260  loss=0.2995  ce=0.4264  ctc=0.0034  lr=2.48e-04
  Epoch 25/80  Step 300/1260  loss=0.3042  ce=0.4323  ctc=0.0050  lr=2.48e-04
  Epoch 25/80  Step 350/1260  loss=0.3001  ce=0.4270  ctc=0.0040  lr=2.48e-04
  Epoch 25/80  Step 400/1260  loss=0.3019  ce=0.4282  ctc=0.0071  lr=2.47e-04
  [GPU] Mem: 547MB / 25417MB (2.2%) | Peak: 2576MB
  Epoch 25/80  Step 450/1260  loss=0.3157  ce=0.4426  ctc=0.0194  lr=2.47e-04
  Epoch 25/80  Step 500/1260  loss=0.2981  ce=0.4253  ctc=0.0013  lr=2.47e-04
  Epoch 25/80  Step 550/1260  loss=0.3026  ce=0.4294  ctc=0.0066  lr=2.47e-04
  Epoch 25/80  Step 600/1260  loss=0.3068  ce=0.4321  ctc=0.0143  lr=2.47e-04
  [GPU] Mem: 546MB / 25417MB (2.1%) | Peak: 2576MB
  Epoch 25/80  Step 650/1260  loss=0.2981  ce=0.4249  ctc=0.0021  lr=2.46e-04
  Epoch 25/80  Step 700/1260  loss=0.3036  ce=0.4288  ctc=0.0114  lr=2.46e-04
  Epoch 25/80  Step 750/1260  loss=0.3092  ce=0.4337  ctc=0.0187  lr=2.46e-04
  Epoch 25/80  Step 800/1260  loss=0.3163  ce=0.4393  ctc=0.0292  lr=2.46e-04
  [GPU] Mem: 548MB / 25417MB (2.2%) | Peak: 2576MB
  Epoch 25/80  Step 850/1260  loss=0.3004  ce=0.4269  ctc=0.0051  lr=2.46e-04
  Epoch 25/80  Step 900/1260  loss=0.2987  ce=0.4256  ctc=0.0024  lr=2.45e-04
  Epoch 25/80  Step 950/1260  loss=0.3084  ce=0.4352  ctc=0.0125  lr=2.45e-04
  Epoch 25/80  Step 1000/1260  loss=0.3022  ce=0.4304  ctc=0.0029  lr=2.45e-04
  [GPU] Mem: 546MB / 25417MB (2.1%) | Peak: 2576MB
  Epoch 25/80  Step 1050/1260  loss=0.2976  ce=0.4241  ctc=0.0025  lr=2.45e-04
  Epoch 25/80  Step 1100/1260  loss=0.3378  ce=0.4611  ctc=0.0501  lr=2.45e-04
  Epoch 25/80  Step 1150/1260  loss=0.2997  ce=0.4256  ctc=0.0059  lr=2.45e-04
  Epoch 25/80  Step 1200/1260  loss=0.3186  ce=0.4391  ctc=0.0373  lr=2.44e-04
  [GPU] Mem: 542MB / 25417MB (2.1%) | Peak: 2576MB
  Epoch 25/80  Step 1250/1260  loss=0.3006  ce=0.4283  ctc=0.0028  lr=2.44e-04
[Epoch 25] avg_loss=0.3110  time=154s
  [Val epoch 25 (constrained)] loss=0.4317  CER=0.0335  WER=0.2085  avg_pred_len=8.7
  [Val epoch 25 (unconstrained)] loss=0.4317  CER=0.0328  WER=0.2085  avg_pred_len=8.7
  [Checkpoint] epoch=25  val_cer=0.0328  best=0.0318

  Disk usage:
        best.pt     358.4 MB
     current.pt     358.4 MB
    previous.pt     358.4 MB
       TOTAL         1075.3 MB


  ┌── Epoch 25 Summary ──────────────────────────
  │ Train Loss  : 0.3110
  │ Val CER     : 0.0328 (3.28%)
  │ Epoch Time  : 234s (0:03:54)
  │ Speed       : 344.5 samples/sec
  │ GPU Memory  : 548MB (peak: 2576MB)
  │ Total Time  : 1:47:34
  │ ETA         : 3:56:39 (55 epochs left)
  └─────────────────────────────────────────────────


──────────────────────────────────────────────────────────────────────
  Epoch 26 started at 15:32:20
──────────────────────────────────────────────────────────────────────
  Epoch 26/80  Step 0/1260  loss=0.3498  ce=0.4478  ctc=0.1211  lr=2.44e-04
  Epoch 26/80  Step 50/1260  loss=0.3060  ce=0.4302  ctc=0.0162  lr=2.44e-04
  Epoch 26/80  Step 100/1260  loss=0.3394  ce=0.4512  ctc=0.0784  lr=2.44e-04
  Epoch 26/80  Step 150/1260  loss=0.2991  ce=0.4255  ctc=0.0044  lr=2.44e-04
  Epoch 26/80  Step 200/1260  loss=0.3495  ce=0.4616  ctc=0.0880  lr=2.43e-04
  [GPU] Mem: 546MB / 25417MB (2.1%) | Peak: 2576MB
  Epoch 26/80  Step 250/1260  loss=0.3238  ce=0.4525  ctc=0.0235  lr=2.43e-04
  Epoch 26/80  Step 300/1260  loss=0.3002  ce=0.4265  ctc=0.0055  lr=2.43e-04
  Epoch 26/80  Step 350/1260  loss=0.2998  ce=0.4249  ctc=0.0078  lr=2.43e-04
  Epoch 26/80  Step 400/1260  loss=0.3123  ce=0.4326  ctc=0.0317  lr=2.43e-04
  [GPU] Mem: 548MB / 25417MB (2.2%) | Peak: 2576MB
  Epoch 26/80  Step 450/1260  loss=0.3136  ce=0.4358  ctc=0.0284  lr=2.42e-04
  Epoch 26/80  Step 500/1260  loss=0.3040  ce=0.4329  ctc=0.0032  lr=2.42e-04
  Epoch 26/80  Step 550/1260  loss=0.3024  ce=0.4280  ctc=0.0092  lr=2.42e-04
  Epoch 26/80  Step 600/1260  loss=0.3097  ce=0.4371  ctc=0.0123  lr=2.42e-04
  [GPU] Mem: 546MB / 25417MB (2.1%) | Peak: 2576MB
  Epoch 26/80  Step 650/1260  loss=0.3034  ce=0.4301  ctc=0.0078  lr=2.42e-04
  Epoch 26/80  Step 700/1260  loss=0.3415  ce=0.4515  ctc=0.0849  lr=2.41e-04
  Epoch 26/80  Step 750/1260  loss=0.3273  ce=0.4451  ctc=0.0524  lr=2.41e-04
  Epoch 26/80  Step 800/1260  loss=0.3008  ce=0.4271  ctc=0.0061  lr=2.41e-04
  [GPU] Mem: 548MB / 25417MB (2.2%) | Peak: 2576MB
  Epoch 26/80  Step 850/1260  loss=0.3075  ce=0.4314  ctc=0.0185  lr=2.41e-04
  Epoch 26/80  Step 900/1260  loss=0.3077  ce=0.4360  ctc=0.0083  lr=2.41e-04
  Epoch 26/80  Step 950/1260  loss=0.3045  ce=0.4334  ctc=0.0037  lr=2.40e-04
  Epoch 26/80  Step 1000/1260  loss=0.3009  ce=0.4271  ctc=0.0062  lr=2.40e-04
  [GPU] Mem: 546MB / 25417MB (2.1%) | Peak: 2576MB
  Epoch 26/80  Step 1050/1260  loss=0.3033  ce=0.4304  ctc=0.0067  lr=2.40e-04
  Epoch 26/80  Step 1100/1260  loss=0.3240  ce=0.4469  ctc=0.0374  lr=2.40e-04
  Epoch 26/80  Step 1150/1260  loss=0.3070  ce=0.4365  ctc=0.0049  lr=2.40e-04
  Epoch 26/80  Step 1200/1260  loss=0.3067  ce=0.4324  ctc=0.0135  lr=2.39e-04
  [GPU] Mem: 542MB / 25417MB (2.1%) | Peak: 2576MB
  Epoch 26/80  Step 1250/1260  loss=0.3274  ce=0.4420  ctc=0.0598  lr=2.39e-04
[Epoch 26] avg_loss=0.3101  time=153s
  [Val epoch 26 (constrained)] loss=0.4282  CER=0.0320  WER=0.1975  avg_pred_len=8.7
  [Val epoch 26 (unconstrained)] loss=0.4282  CER=0.0312  WER=0.1972  avg_pred_len=8.7
  [Checkpoint] epoch=26  val_cer=0.0312  best=0.0312  ★ NEW BEST

  ┌── Epoch 26 Summary ──────────────────────────
  │ Train Loss  : 0.3101
  │ Val CER     : 0.0312 (3.12%)
  │ Epoch Time  : 235s (0:03:54)
  │ Speed       : 343.3 samples/sec
  │ GPU Memory  : 548MB (peak: 2576MB)
  │ Total Time  : 1:51:29
  │ ETA         : 3:51:32 (54 epochs left)
  └─────────────────────────────────────────────────


──────────────────────────────────────────────────────────────────────
  Epoch 27 started at 15:36:15
──────────────────────────────────────────────────────────────────────
  Epoch 27/80  Step 0/1260  loss=0.3149  ce=0.4397  ctc=0.0235  lr=2.39e-04
  Epoch 27/80  Step 50/1260  loss=0.3156  ce=0.4435  ctc=0.0173  lr=2.39e-04
  Epoch 27/80  Step 100/1260  loss=0.3012  ce=0.4255  ctc=0.0114  lr=2.39e-04
  Epoch 27/80  Step 150/1260  loss=0.2978  ce=0.4250  ctc=0.0012  lr=2.39e-04
  Epoch 27/80  Step 200/1260  loss=0.3079  ce=0.4309  ctc=0.0207  lr=2.38e-04
  [GPU] Mem: 548MB / 25417MB (2.2%) | Peak: 2576MB
  Epoch 27/80  Step 250/1260  loss=0.3011  ce=0.4269  ctc=0.0076  lr=2.38e-04
  Epoch 27/80  Step 300/1260  loss=0.3019  ce=0.4290  ctc=0.0055  lr=2.38e-04
  Epoch 27/80  Step 350/1260  loss=0.3109  ce=0.4338  ctc=0.0240  lr=2.38e-04
  Epoch 27/80  Step 400/1260  loss=0.3019  ce=0.4294  ctc=0.0043  lr=2.38e-04
  [GPU] Mem: 548MB / 25417MB (2.2%) | Peak: 2576MB
  Epoch 27/80  Step 450/1260  loss=0.3067  ce=0.4365  ctc=0.0040  lr=2.37e-04
  Epoch 27/80  Step 500/1260  loss=0.3122  ce=0.4356  ctc=0.0245  lr=2.37e-04
  Epoch 27/80  Step 550/1260  loss=0.3074  ce=0.4334  ctc=0.0134  lr=2.37e-04
  Epoch 27/80  Step 600/1260  loss=0.3402  ce=0.4610  ctc=0.0582  lr=2.37e-04
  [GPU] Mem: 548MB / 25417MB (2.2%) | Peak: 2576MB
  Epoch 27/80  Step 650/1260  loss=0.3213  ce=0.4359  ctc=0.0538  lr=2.37e-04
  Epoch 27/80  Step 700/1260  loss=0.3031  ce=0.4300  ctc=0.0070  lr=2.37e-04
  Epoch 27/80  Step 750/1260  loss=0.3113  ce=0.4316  ctc=0.0305  lr=2.36e-04
  Epoch 27/80  Step 800/1260  loss=0.3161  ce=0.4430  ctc=0.0199  lr=2.36e-04
  [GPU] Mem: 547MB / 25417MB (2.2%) | Peak: 2576MB
  Epoch 27/80  Step 850/1260  loss=0.3111  ce=0.4385  ctc=0.0138  lr=2.36e-04
  Epoch 27/80  Step 900/1260  loss=0.2978  ce=0.4245  ctc=0.0022  lr=2.36e-04
  Epoch 27/80  Step 950/1260  loss=0.3160  ce=0.4414  ctc=0.0236  lr=2.36e-04
  Epoch 27/80  Step 1000/1260  loss=0.3077  ce=0.4348  ctc=0.0110  lr=2.35e-04
  [GPU] Mem: 547MB / 25417MB (2.2%) | Peak: 2576MB
  Epoch 27/80  Step 1050/1260  loss=0.3453  ce=0.4649  ctc=0.0661  lr=2.35e-04
  Epoch 27/80  Step 1100/1260  loss=0.3099  ce=0.4380  ctc=0.0110  lr=2.35e-04
  Epoch 27/80  Step 1150/1260  loss=0.2989  ce=0.4259  ctc=0.0024  lr=2.35e-04
  Epoch 27/80  Step 1200/1260  loss=0.3184  ce=0.4463  ctc=0.0200  lr=2.35e-04
  [GPU] Mem: 546MB / 25417MB (2.1%) | Peak: 2576MB
  Epoch 27/80  Step 1250/1260  loss=0.3030  ce=0.4320  ctc=0.0021  lr=2.34e-04
[Epoch 27] avg_loss=0.3092  time=153s
  [Val epoch 27 (constrained)] loss=0.4391  CER=0.0340  WER=0.2100  avg_pred_len=8.7
  [Val epoch 27 (unconstrained)] loss=0.4391  CER=0.0333  WER=0.2091  avg_pred_len=8.7
  [Checkpoint] epoch=27  val_cer=0.0333  best=0.0312

  ┌── Epoch 27 Summary ──────────────────────────
  │ Train Loss  : 0.3092
  │ Val CER     : 0.0333 (3.33%)
  │ Epoch Time  : 233s (0:03:53)
  │ Speed       : 345.4 samples/sec
  │ GPU Memory  : 542MB (peak: 2576MB)
  │ Total Time  : 1:55:23
  │ ETA         : 3:46:28 (53 epochs left)
  └─────────────────────────────────────────────────


──────────────────────────────────────────────────────────────────────
  Epoch 28 started at 15:40:08
──────────────────────────────────────────────────────────────────────
  Epoch 28/80  Step 0/1260  loss=0.3468  ce=0.4644  ctc=0.0723  lr=2.34e-04
  Epoch 28/80  Step 50/1260  loss=0.3022  ce=0.4313  ctc=0.0008  lr=2.34e-04
  Epoch 28/80  Step 100/1260  loss=0.2998  ce=0.4254  ctc=0.0067  lr=2.34e-04
  Epoch 28/80  Step 150/1260  loss=0.2991  ce=0.4246  ctc=0.0062  lr=2.34e-04
  Epoch 28/80  Step 200/1260  loss=0.3117  ce=0.4392  ctc=0.0141  lr=2.33e-04
  [GPU] Mem: 548MB / 25417MB (2.2%) | Peak: 2576MB
  Epoch 28/80  Step 250/1260  loss=0.3003  ce=0.4274  ctc=0.0038  lr=2.33e-04
  Epoch 28/80  Step 300/1260  loss=0.2985  ce=0.4244  ctc=0.0047  lr=2.33e-04
  Epoch 28/80  Step 350/1260  loss=0.2973  ce=0.4239  ctc=0.0019  lr=2.33e-04
  Epoch 28/80  Step 400/1260  loss=0.3016  ce=0.4278  ctc=0.0073  lr=2.33e-04
  [GPU] Mem: 549MB / 25417MB (2.2%) | Peak: 2576MB
  Epoch 28/80  Step 450/1260  loss=0.3010  ce=0.4268  ctc=0.0075  lr=2.32e-04
  Epoch 28/80  Step 500/1260  loss=0.3028  ce=0.4258  ctc=0.0158  lr=2.32e-04
  Epoch 28/80  Step 550/1260  loss=0.3067  ce=0.4328  ctc=0.0124  lr=2.32e-04
  Epoch 28/80  Step 600/1260  loss=0.3005  ce=0.4285  ctc=0.0019  lr=2.32e-04
  [GPU] Mem: 542MB / 25417MB (2.1%) | Peak: 2576MB
  Epoch 28/80  Step 650/1260  loss=0.3058  ce=0.4316  ctc=0.0120  lr=2.32e-04
  Epoch 28/80  Step 700/1260  loss=0.2999  ce=0.4269  ctc=0.0038  lr=2.31e-04
  Epoch 28/80  Step 750/1260  loss=0.3126  ce=0.4435  ctc=0.0071  lr=2.31e-04
  Epoch 28/80  Step 800/1260  loss=0.3088  ce=0.4329  ctc=0.0190  lr=2.31e-04
  [GPU] Mem: 547MB / 25417MB (2.2%) | Peak: 2576MB
  Epoch 28/80  Step 850/1260  loss=0.3014  ce=0.4262  ctc=0.0100  lr=2.31e-04
  Epoch 28/80  Step 900/1260  loss=0.3072  ce=0.4336  ctc=0.0124  lr=2.31e-04
  Epoch 28/80  Step 950/1260  loss=0.3040  ce=0.4287  ctc=0.0130  lr=2.30e-04
  Epoch 28/80  Step 1000/1260  loss=0.3153  ce=0.4427  ctc=0.0178  lr=2.30e-04
  [GPU] Mem: 546MB / 25417MB (2.1%) | Peak: 2576MB
  Epoch 28/80  Step 1050/1260  loss=0.3047  ce=0.4306  ctc=0.0109  lr=2.30e-04
  Epoch 28/80  Step 1100/1260  loss=0.3140  ce=0.4368  ctc=0.0275  lr=2.30e-04
  Epoch 28/80  Step 1150/1260  loss=0.3009  ce=0.4271  ctc=0.0064  lr=2.30e-04
  Epoch 28/80  Step 1200/1260  loss=0.3186  ce=0.4325  ctc=0.0526  lr=2.29e-04
  [GPU] Mem: 550MB / 25417MB (2.2%) | Peak: 2576MB
  Epoch 28/80  Step 1250/1260  loss=0.3051  ce=0.4320  ctc=0.0090  lr=2.29e-04
[Epoch 28] avg_loss=0.3083  time=152s
  [Val epoch 28 (constrained)] loss=0.4480  CER=0.0358  WER=0.2171  avg_pred_len=8.7
  [Val epoch 28 (unconstrained)] loss=0.4480  CER=0.0349  WER=0.2167  avg_pred_len=8.7
  [Checkpoint] epoch=28  val_cer=0.0349  best=0.0312

  ┌── Epoch 28 Summary ──────────────────────────
  │ Train Loss  : 0.3083
  │ Val CER     : 0.0349 (3.49%)
  │ Epoch Time  : 232s (0:03:52)
  │ Speed       : 347.4 samples/sec
  │ GPU Memory  : 547MB (peak: 2576MB)
  │ Total Time  : 1:59:15
  │ ETA         : 3:41:27 (52 epochs left)
  └─────────────────────────────────────────────────


──────────────────────────────────────────────────────────────────────
  Epoch 29 started at 15:44:01
──────────────────────────────────────────────────────────────────────
  Epoch 29/80  Step 0/1260  loss=0.3026  ce=0.4287  ctc=0.0084  lr=2.29e-04
  Epoch 29/80  Step 50/1260  loss=0.3103  ce=0.4396  ctc=0.0084  lr=2.29e-04
  Epoch 29/80  Step 100/1260  loss=0.3422  ce=0.4589  ctc=0.0698  lr=2.29e-04
  Epoch 29/80  Step 150/1260  loss=0.3004  ce=0.4263  ctc=0.0065  lr=2.28e-04
  Epoch 29/80  Step 200/1260  loss=0.3073  ce=0.4333  ctc=0.0133  lr=2.28e-04
  [GPU] Mem: 548MB / 25417MB (2.2%) | Peak: 2576MB
  Epoch 29/80  Step 250/1260  loss=0.2997  ce=0.4267  ctc=0.0033  lr=2.28e-04
  Epoch 29/80  Step 300/1260  loss=0.2983  ce=0.4243  ctc=0.0043  lr=2.28e-04
  Epoch 29/80  Step 350/1260  loss=0.3028  ce=0.4284  ctc=0.0096  lr=2.28e-04
  Epoch 29/80  Step 400/1260  loss=0.3064  ce=0.4318  ctc=0.0139  lr=2.27e-04
  [GPU] Mem: 546MB / 25417MB (2.1%) | Peak: 2576MB
  Epoch 29/80  Step 450/1260  loss=0.3009  ce=0.4274  ctc=0.0057  lr=2.27e-04
  Epoch 29/80  Step 500/1260  loss=0.2987  ce=0.4242  ctc=0.0059  lr=2.27e-04
  Epoch 29/80  Step 550/1260  loss=0.3289  ce=0.4548  ctc=0.0349  lr=2.27e-04
  Epoch 29/80  Step 600/1260  loss=0.3077  ce=0.4338  ctc=0.0133  lr=2.27e-04
  [GPU] Mem: 543MB / 25417MB (2.1%) | Peak: 2576MB
  Epoch 29/80  Step 650/1260  loss=0.3101  ce=0.4317  ctc=0.0262  lr=2.26e-04
  Epoch 29/80  Step 700/1260  loss=0.3231  ce=0.4458  ctc=0.0368  lr=2.26e-04
  Epoch 29/80  Step 750/1260  loss=0.3008  ce=0.4281  ctc=0.0036  lr=2.26e-04
  Epoch 29/80  Step 800/1260  loss=0.3026  ce=0.4316  ctc=0.0016  lr=2.26e-04
  [GPU] Mem: 548MB / 25417MB (2.2%) | Peak: 2576MB
  Epoch 29/80  Step 850/1260  loss=0.3001  ce=0.4256  ctc=0.0073  lr=2.26e-04
  Epoch 29/80  Step 900/1260  loss=0.3002  ce=0.4273  ctc=0.0036  lr=2.25e-04
  Epoch 29/80  Step 950/1260  loss=0.3025  ce=0.4277  ctc=0.0105  lr=2.25e-04
  Epoch 29/80  Step 1000/1260  loss=0.3117  ce=0.4350  ctc=0.0238  lr=2.25e-04
  [GPU] Mem: 550MB / 25417MB (2.2%) | Peak: 2576MB
  Epoch 29/80  Step 1050/1260  loss=0.3042  ce=0.4286  ctc=0.0139  lr=2.25e-04
  Epoch 29/80  Step 1100/1260  loss=0.2992  ce=0.4259  ctc=0.0037  lr=2.25e-04
  Epoch 29/80  Step 1150/1260  loss=0.3002  ce=0.4266  ctc=0.0054  lr=2.24e-04
  Epoch 29/80  Step 1200/1260  loss=0.2970  ce=0.4238  ctc=0.0011  lr=2.24e-04
  [GPU] Mem: 542MB / 25417MB (2.1%) | Peak: 2576MB
  Epoch 29/80  Step 1250/1260  loss=0.2993  ce=0.4242  ctc=0.0078  lr=2.24e-04
[Epoch 29] avg_loss=0.3074  time=154s
  [Val epoch 29 (constrained)] loss=0.4332  CER=0.0324  WER=0.2027  avg_pred_len=8.7
  [Val epoch 29 (unconstrained)] loss=0.4332  CER=0.0315  WER=0.2026  avg_pred_len=8.7
  [Checkpoint] epoch=29  val_cer=0.0315  best=0.0312

  ┌── Epoch 29 Summary ──────────────────────────
  │ Train Loss  : 0.3074
  │ Val CER     : 0.0315 (3.15%)
  │ Epoch Time  : 233s (0:03:53)
  │ Speed       : 345.4 samples/sec
  │ GPU Memory  : 548MB (peak: 2576MB)
  │ Total Time  : 2:03:08
  │ ETA         : 3:36:32 (51 epochs left)
  └─────────────────────────────────────────────────


──────────────────────────────────────────────────────────────────────
  Epoch 30 started at 15:47:54
──────────────────────────────────────────────────────────────────────
  Epoch 30/80  Step 0/1260  loss=0.2987  ce=0.4264  ctc=0.0006  lr=2.24e-04
  Epoch 30/80  Step 50/1260  loss=0.3038  ce=0.4291  ctc=0.0115  lr=2.24e-04
  Epoch 30/80  Step 100/1260  loss=0.3021  ce=0.4287  ctc=0.0067  lr=2.23e-04
  Epoch 30/80  Step 150/1260  loss=0.3121  ce=0.4353  ctc=0.0246  lr=2.23e-04
  Epoch 30/80  Step 200/1260  loss=0.2993  ce=0.4253  ctc=0.0053  lr=2.23e-04
  [GPU] Mem: 542MB / 25417MB (2.1%) | Peak: 2576MB
  Epoch 30/80  Step 250/1260  loss=0.3135  ce=0.4422  ctc=0.0134  lr=2.23e-04
  Epoch 30/80  Step 300/1260  loss=0.3037  ce=0.4290  ctc=0.0115  lr=2.23e-04
  Epoch 30/80  Step 350/1260  loss=0.2974  ce=0.4238  ctc=0.0024  lr=2.22e-04
  Epoch 30/80  Step 400/1260  loss=0.3052  ce=0.4296  ctc=0.0149  lr=2.22e-04
  [GPU] Mem: 542MB / 25417MB (2.1%) | Peak: 2576MB
  Epoch 30/80  Step 450/1260  loss=0.3105  ce=0.4337  ctc=0.0230  lr=2.22e-04
  Epoch 30/80  Step 500/1260  loss=0.2980  ce=0.4252  ctc=0.0011  lr=2.22e-04
  Epoch 30/80  Step 550/1260  loss=0.3023  ce=0.4274  ctc=0.0106  lr=2.21e-04
  Epoch 30/80  Step 600/1260  loss=0.3040  ce=0.4322  ctc=0.0048  lr=2.21e-04
  [GPU] Mem: 548MB / 25417MB (2.2%) | Peak: 2576MB
  Epoch 30/80  Step 650/1260  loss=0.2985  ce=0.4260  ctc=0.0011  lr=2.21e-04
  Epoch 30/80  Step 700/1260  loss=0.3033  ce=0.4299  ctc=0.0079  lr=2.21e-04
  Epoch 30/80  Step 750/1260  loss=0.3052  ce=0.4341  ctc=0.0046  lr=2.21e-04
  Epoch 30/80  Step 800/1260  loss=0.3199  ce=0.4241  ctc=0.0767  lr=2.20e-04
  [GPU] Mem: 548MB / 25417MB (2.2%) | Peak: 2576MB
  Epoch 30/80  Step 850/1260  loss=0.3016  ce=0.4275  ctc=0.0078  lr=2.20e-04
  Epoch 30/80  Step 900/1260  loss=0.2994  ce=0.4265  ctc=0.0026  lr=2.20e-04
  Epoch 30/80  Step 950/1260  loss=0.2964  ce=0.4228  ctc=0.0013  lr=2.20e-04
  Epoch 30/80  Step 1000/1260  loss=0.2976  ce=0.4245  ctc=0.0015  lr=2.20e-04
  [GPU] Mem: 548MB / 25417MB (2.2%) | Peak: 2576MB
  Epoch 30/80  Step 1050/1260  loss=0.3322  ce=0.4509  ctc=0.0554  lr=2.19e-04
  Epoch 30/80  Step 1100/1260  loss=0.3343  ce=0.4650  ctc=0.0291  lr=2.19e-04
  Epoch 30/80  Step 1150/1260  loss=0.3096  ce=0.4353  ctc=0.0163  lr=2.19e-04
  Epoch 30/80  Step 1200/1260  loss=0.3417  ce=0.4575  ctc=0.0716  lr=2.19e-04
  [GPU] Mem: 548MB / 25417MB (2.2%) | Peak: 2576MB
  Epoch 30/80  Step 1250/1260  loss=0.3091  ce=0.4314  ctc=0.0236  lr=2.18e-04
[Epoch 30] avg_loss=0.3070  time=153s
  [Val epoch 30 (constrained)] loss=0.4407  CER=0.0352  WER=0.2129  avg_pred_len=8.7
  [Val epoch 30 (unconstrained)] loss=0.4407  CER=0.0343  WER=0.2126  avg_pred_len=8.7
  [Checkpoint] epoch=30  val_cer=0.0343  best=0.0312

  Disk usage:
        best.pt     358.4 MB
     current.pt     358.4 MB
    previous.pt     358.4 MB
       TOTAL         1075.3 MB


  ┌── Epoch 30 Summary ──────────────────────────
  │ Train Loss  : 0.3070
  │ Val CER     : 0.0343 (3.43%)
  │ Epoch Time  : 233s (0:03:52)
  │ Speed       : 346.3 samples/sec
  │ GPU Memory  : 543MB (peak: 2576MB)
  │ Total Time  : 2:07:01
  │ ETA         : 3:31:41 (50 epochs left)
  └─────────────────────────────────────────────────


──────────────────────────────────────────────────────────────────────
  Epoch 31 started at 15:51:47
──────────────────────────────────────────────────────────────────────
  Epoch 31/80  Step 0/1260  loss=0.2991  ce=0.4245  ctc=0.0063  lr=2.18e-04
  Epoch 31/80  Step 50/1260  loss=0.3047  ce=0.4294  ctc=0.0137  lr=2.18e-04
  Epoch 31/80  Step 100/1260  loss=0.3028  ce=0.4257  ctc=0.0158  lr=2.18e-04
  Epoch 31/80  Step 150/1260  loss=0.3009  ce=0.4264  ctc=0.0080  lr=2.18e-04
  Epoch 31/80  Step 200/1260  loss=0.2973  ce=0.4240  ctc=0.0019  lr=2.18e-04
  [GPU] Mem: 548MB / 25417MB (2.2%) | Peak: 2576MB
  Epoch 31/80  Step 250/1260  loss=0.3024  ce=0.4264  ctc=0.0129  lr=2.17e-04
  Epoch 31/80  Step 300/1260  loss=0.3119  ce=0.4408  ctc=0.0110  lr=2.17e-04
  Epoch 31/80  Step 350/1260  loss=0.3040  ce=0.4309  ctc=0.0080  lr=2.17e-04
  Epoch 31/80  Step 400/1260  loss=0.3014  ce=0.4293  ctc=0.0030  lr=2.17e-04
  [GPU] Mem: 548MB / 25417MB (2.2%) | Peak: 2576MB
  Epoch 31/80  Step 450/1260  loss=0.3056  ce=0.4302  ctc=0.0149  lr=2.16e-04
  Epoch 31/80  Step 500/1260  loss=0.2990  ce=0.4246  ctc=0.0060  lr=2.16e-04
  Epoch 31/80  Step 550/1260  loss=0.3072  ce=0.4373  ctc=0.0035  lr=2.16e-04
  Epoch 31/80  Step 600/1260  loss=0.3160  ce=0.4384  ctc=0.0303  lr=2.16e-04
  [GPU] Mem: 547MB / 25417MB (2.2%) | Peak: 2576MB
  Epoch 31/80  Step 650/1260  loss=0.2996  ce=0.4265  ctc=0.0033  lr=2.16e-04
  Epoch 31/80  Step 700/1260  loss=0.2977  ce=0.4238  ctc=0.0036  lr=2.15e-04
  Epoch 31/80  Step 750/1260  loss=0.3041  ce=0.4309  ctc=0.0080  lr=2.15e-04
  Epoch 31/80  Step 800/1260  loss=0.2977  ce=0.4232  ctc=0.0049  lr=2.15e-04
  [GPU] Mem: 546MB / 25417MB (2.1%) | Peak: 2576MB
  Epoch 31/80  Step 850/1260  loss=0.2996  ce=0.4266  ctc=0.0034  lr=2.15e-04
  Epoch 31/80  Step 900/1260  loss=0.2991  ce=0.4249  ctc=0.0057  lr=2.15e-04
  Epoch 31/80  Step 950/1260  loss=0.3029  ce=0.4241  ctc=0.0200  lr=2.14e-04
  Epoch 31/80  Step 1000/1260  loss=0.2980  ce=0.4239  ctc=0.0043  lr=2.14e-04
  [GPU] Mem: 547MB / 25417MB (2.2%) | Peak: 2576MB
  Epoch 31/80  Step 1050/1260  loss=0.3043  ce=0.4295  ctc=0.0122  lr=2.14e-04
  Epoch 31/80  Step 1100/1260  loss=0.2987  ce=0.4256  ctc=0.0028  lr=2.14e-04
  Epoch 31/80  Step 1150/1260  loss=0.2977  ce=0.4232  ctc=0.0049  lr=2.13e-04
  Epoch 31/80  Step 1200/1260  loss=0.2997  ce=0.4271  ctc=0.0026  lr=2.13e-04
  [GPU] Mem: 548MB / 25417MB (2.2%) | Peak: 2576MB
  Epoch 31/80  Step 1250/1260  loss=0.3016  ce=0.4272  ctc=0.0083  lr=2.13e-04
[Epoch 31] avg_loss=0.3063  time=153s
  [Val epoch 31 (constrained)] loss=0.4740  CER=0.0388  WER=0.2234  avg_pred_len=8.7
  [Val epoch 31 (unconstrained)] loss=0.4740  CER=0.0376  WER=0.2229  avg_pred_len=8.7
  [Checkpoint] epoch=31  val_cer=0.0376  best=0.0312

  ┌── Epoch 31 Summary ──────────────────────────
  │ Train Loss  : 0.3063
  │ Val CER     : 0.0376 (3.76%)
  │ Epoch Time  : 234s (0:03:53)
  │ Speed       : 345.2 samples/sec
  │ GPU Memory  : 546MB (peak: 2576MB)
  │ Total Time  : 2:10:55
  │ ETA         : 3:26:55 (49 epochs left)
  └─────────────────────────────────────────────────


──────────────────────────────────────────────────────────────────────
  Epoch 32 started at 15:55:41
──────────────────────────────────────────────────────────────────────
  Epoch 32/80  Step 0/1260  loss=0.3321  ce=0.4337  ctc=0.0951  lr=2.13e-04
  Epoch 32/80  Step 50/1260  loss=0.3024  ce=0.4297  ctc=0.0053  lr=2.13e-04
  Epoch 32/80  Step 100/1260  loss=0.3048  ce=0.4319  ctc=0.0083  lr=2.12e-04
  Epoch 32/80  Step 150/1260  loss=0.3004  ce=0.4271  ctc=0.0046  lr=2.12e-04
  Epoch 32/80  Step 200/1260  loss=0.3008  ce=0.4263  ctc=0.0078  lr=2.12e-04
  [GPU] Mem: 542MB / 25417MB (2.1%) | Peak: 2576MB
  Epoch 32/80  Step 250/1260  loss=0.2975  ce=0.4233  ctc=0.0040  lr=2.12e-04
  Epoch 32/80  Step 300/1260  loss=0.3011  ce=0.4260  ctc=0.0098  lr=2.12e-04
  Epoch 32/80  Step 350/1260  loss=0.2965  ce=0.4232  ctc=0.0009  lr=2.11e-04
  Epoch 32/80  Step 400/1260  loss=0.3223  ce=0.4341  ctc=0.0615  lr=2.11e-04
  [GPU] Mem: 542MB / 25417MB (2.1%) | Peak: 2576MB
  Epoch 32/80  Step 450/1260  loss=0.3026  ce=0.4261  ctc=0.0144  lr=2.11e-04
  Epoch 32/80  Step 500/1260  loss=0.2972  ce=0.4239  ctc=0.0015  lr=2.11e-04
  Epoch 32/80  Step 550/1260  loss=0.2980  ce=0.4235  ctc=0.0053  lr=2.10e-04
  Epoch 32/80  Step 600/1260  loss=0.3222  ce=0.4486  ctc=0.0272  lr=2.10e-04
  [GPU] Mem: 547MB / 25417MB (2.2%) | Peak: 2576MB
  Epoch 32/80  Step 650/1260  loss=0.2968  ce=0.4235  ctc=0.0011  lr=2.10e-04
  Epoch 32/80  Step 700/1260  loss=0.2999  ce=0.4237  ctc=0.0112  lr=2.10e-04
  Epoch 32/80  Step 750/1260  loss=0.3007  ce=0.4282  ctc=0.0032  lr=2.10e-04
  Epoch 32/80  Step 800/1260  loss=0.3091  ce=0.4340  ctc=0.0177  lr=2.09e-04
  [GPU] Mem: 547MB / 25417MB (2.2%) | Peak: 2576MB
  Epoch 32/80  Step 850/1260  loss=0.3104  ce=0.4356  ctc=0.0183  lr=2.09e-04
  Epoch 32/80  Step 900/1260  loss=0.3068  ce=0.4349  ctc=0.0077  lr=2.09e-04
  Epoch 32/80  Step 950/1260  loss=0.2985  ce=0.4240  ctc=0.0054  lr=2.09e-04
  Epoch 32/80  Step 1000/1260  loss=0.3023  ce=0.4305  ctc=0.0031  lr=2.08e-04
  [GPU] Mem: 547MB / 25417MB (2.2%) | Peak: 2576MB
  Epoch 32/80  Step 1050/1260  loss=0.3148  ce=0.4346  ctc=0.0354  lr=2.08e-04
  Epoch 32/80  Step 1100/1260  loss=0.3033  ce=0.4287  ctc=0.0108  lr=2.08e-04
  Epoch 32/80  Step 1150/1260  loss=0.3019  ce=0.4269  ctc=0.0104  lr=2.08e-04
  Epoch 32/80  Step 1200/1260  loss=0.3001  ce=0.4251  ctc=0.0085  lr=2.08e-04
  [GPU] Mem: 547MB / 25417MB (2.2%) | Peak: 2576MB
  Epoch 32/80  Step 1250/1260  loss=0.3142  ce=0.4374  ctc=0.0267  lr=2.07e-04
[Epoch 32] avg_loss=0.3060  time=152s
  [Val epoch 32 (constrained)] loss=0.4123  CER=0.0278  WER=0.1759  avg_pred_len=8.7
  [Val epoch 32 (unconstrained)] loss=0.4123  CER=0.0271  WER=0.1747  avg_pred_len=8.7
  [Checkpoint] epoch=32  val_cer=0.0271  best=0.0271  ★ NEW BEST

  ┌── Epoch 32 Summary ──────────────────────────
  │ Train Loss  : 0.3060
  │ Val CER     : 0.0271 (2.71%)
  │ Epoch Time  : 234s (0:03:54)
  │ Speed       : 344.2 samples/sec
  │ GPU Memory  : 548MB (peak: 2576MB)
  │ Total Time  : 2:14:49
  │ ETA         : 3:22:13 (48 epochs left)
  └─────────────────────────────────────────────────


──────────────────────────────────────────────────────────────────────
  Epoch 33 started at 15:59:35
──────────────────────────────────────────────────────────────────────
  Epoch 33/80  Step 0/1260  loss=0.3021  ce=0.4281  ctc=0.0082  lr=2.07e-04
  Epoch 33/80  Step 50/1260  loss=0.3059  ce=0.4313  ctc=0.0132  lr=2.07e-04
  Epoch 33/80  Step 100/1260  loss=0.2990  ce=0.4249  ctc=0.0052  lr=2.07e-04
  Epoch 33/80  Step 150/1260  loss=0.2988  ce=0.4239  ctc=0.0069  lr=2.07e-04
  Epoch 33/80  Step 200/1260  loss=0.3021  ce=0.4294  ctc=0.0050  lr=2.06e-04
  [GPU] Mem: 546MB / 25417MB (2.1%) | Peak: 2576MB
  Epoch 33/80  Step 250/1260  loss=0.2976  ce=0.4241  ctc=0.0025  lr=2.06e-04
  Epoch 33/80  Step 300/1260  loss=0.3124  ce=0.4388  ctc=0.0177  lr=2.06e-04
  Epoch 33/80  Step 350/1260  loss=0.2998  ce=0.4269  ctc=0.0034  lr=2.06e-04
  Epoch 33/80  Step 400/1260  loss=0.2964  ce=0.4232  ctc=0.0007  lr=2.06e-04
  [GPU] Mem: 548MB / 25417MB (2.2%) | Peak: 2576MB
  Epoch 33/80  Step 450/1260  loss=0.3046  ce=0.4279  ctc=0.0169  lr=2.05e-04
  Epoch 33/80  Step 500/1260  loss=0.2964  ce=0.4228  ctc=0.0013  lr=2.05e-04
  Epoch 33/80  Step 550/1260  loss=0.2961  ce=0.4226  ctc=0.0010  lr=2.05e-04
  Epoch 33/80  Step 600/1260  loss=0.2983  ce=0.4250  ctc=0.0027  lr=2.05e-04
  [GPU] Mem: 546MB / 25417MB (2.1%) | Peak: 2576MB
  Epoch 33/80  Step 650/1260  loss=0.3263  ce=0.4433  ctc=0.0530  lr=2.04e-04
  Epoch 33/80  Step 700/1260  loss=0.2992  ce=0.4269  ctc=0.0010  lr=2.04e-04
  Epoch 33/80  Step 750/1260  loss=0.3030  ce=0.4256  ctc=0.0170  lr=2.04e-04
  Epoch 33/80  Step 800/1260  loss=0.2980  ce=0.4230  ctc=0.0061  lr=2.04e-04
  [GPU] Mem: 546MB / 25417MB (2.1%) | Peak: 2576MB
  Epoch 33/80  Step 850/1260  loss=0.3001  ce=0.4279  ctc=0.0017  lr=2.03e-04
  Epoch 33/80  Step 900/1260  loss=0.2982  ce=0.4245  ctc=0.0035  lr=2.03e-04
  Epoch 33/80  Step 950/1260  loss=0.3030  ce=0.4307  ctc=0.0049  lr=2.03e-04
  Epoch 33/80  Step 1000/1260  loss=0.3229  ce=0.4350  ctc=0.0614  lr=2.03e-04
  [GPU] Mem: 548MB / 25417MB (2.2%) | Peak: 2576MB
  Epoch 33/80  Step 1050/1260  loss=0.3115  ce=0.4315  ctc=0.0315  lr=2.03e-04
  Epoch 33/80  Step 1100/1260  loss=0.3116  ce=0.4373  ctc=0.0180  lr=2.02e-04
  Epoch 33/80  Step 1150/1260  loss=0.3103  ce=0.4327  ctc=0.0249  lr=2.02e-04
  Epoch 33/80  Step 1200/1260  loss=0.3076  ce=0.4354  ctc=0.0096  lr=2.02e-04
  [GPU] Mem: 546MB / 25417MB (2.1%) | Peak: 2576MB
  Epoch 33/80  Step 1250/1260  loss=0.2963  ce=0.4230  ctc=0.0007  lr=2.02e-04
[Epoch 33] avg_loss=0.3050  time=153s
  [Val epoch 33 (constrained)] loss=0.4396  CER=0.0327  WER=0.1980  avg_pred_len=8.7
  [Val epoch 33 (unconstrained)] loss=0.4396  CER=0.0316  WER=0.1974  avg_pred_len=8.7
  [Checkpoint] epoch=33  val_cer=0.0316  best=0.0271

  ┌── Epoch 33 Summary ──────────────────────────
  │ Train Loss  : 0.3050
  │ Val CER     : 0.0316 (3.16%)
  │ Epoch Time  : 233s (0:03:52)
  │ Speed       : 346.3 samples/sec
  │ GPU Memory  : 546MB (peak: 2576MB)
  │ Total Time  : 2:18:42
  │ ETA         : 3:17:32 (47 epochs left)
  └─────────────────────────────────────────────────


──────────────────────────────────────────────────────────────────────
  Epoch 34 started at 16:03:28
──────────────────────────────────────────────────────────────────────
  Epoch 34/80  Step 0/1260  loss=0.2971  ce=0.4240  ctc=0.0010  lr=2.02e-04
  Epoch 34/80  Step 50/1260  loss=0.2981  ce=0.4241  ctc=0.0043  lr=2.01e-04
  Epoch 34/80  Step 100/1260  loss=0.3039  ce=0.4291  ctc=0.0117  lr=2.01e-04
  Epoch 34/80  Step 150/1260  loss=0.3030  ce=0.4301  ctc=0.0065  lr=2.01e-04
  Epoch 34/80  Step 200/1260  loss=0.3023  ce=0.4298  ctc=0.0047  lr=2.01e-04
  [GPU] Mem: 547MB / 25417MB (2.2%) | Peak: 2576MB
  Epoch 34/80  Step 250/1260  loss=0.3076  ce=0.4346  ctc=0.0114  lr=2.00e-04
  Epoch 34/80  Step 300/1260  loss=0.3121  ce=0.4373  ctc=0.0200  lr=2.00e-04
  Epoch 34/80  Step 350/1260  loss=0.3053  ce=0.4258  ctc=0.0243  lr=2.00e-04
  Epoch 34/80  Step 400/1260  loss=0.2989  ce=0.4256  ctc=0.0031  lr=2.00e-04
  [GPU] Mem: 548MB / 25417MB (2.2%) | Peak: 2576MB
  Epoch 34/80  Step 450/1260  loss=0.2964  ce=0.4230  ctc=0.0011  lr=2.00e-04
  Epoch 34/80  Step 500/1260  loss=0.2986  ce=0.4263  ctc=0.0005  lr=1.99e-04
  Epoch 34/80  Step 550/1260  loss=0.3023  ce=0.4293  ctc=0.0059  lr=1.99e-04
  Epoch 34/80  Step 600/1260  loss=0.2977  ce=0.4245  ctc=0.0018  lr=1.99e-04
  [GPU] Mem: 542MB / 25417MB (2.1%) | Peak: 2576MB
  Epoch 34/80  Step 650/1260  loss=0.3055  ce=0.4316  ctc=0.0110  lr=1.99e-04
  Epoch 34/80  Step 700/1260  loss=0.2982  ce=0.4234  ctc=0.0062  lr=1.98e-04
  Epoch 34/80  Step 750/1260  loss=0.3050  ce=0.4316  ctc=0.0096  lr=1.98e-04
  Epoch 34/80  Step 800/1260  loss=0.3042  ce=0.4273  ctc=0.0168  lr=1.98e-04
  [GPU] Mem: 546MB / 25417MB (2.1%) | Peak: 2576MB
  Epoch 34/80  Step 850/1260  loss=0.3037  ce=0.4285  ctc=0.0124  lr=1.98e-04
  Epoch 34/80  Step 900/1260  loss=0.3119  ce=0.4391  ctc=0.0154  lr=1.97e-04
  Epoch 34/80  Step 950/1260  loss=0.3003  ce=0.4274  ctc=0.0036  lr=1.97e-04
  Epoch 34/80  Step 1000/1260  loss=0.2999  ce=0.4271  ctc=0.0029  lr=1.97e-04
  [GPU] Mem: 546MB / 25417MB (2.1%) | Peak: 2576MB
  Epoch 34/80  Step 1050/1260  loss=0.3101  ce=0.4382  ctc=0.0112  lr=1.97e-04
  Epoch 34/80  Step 1100/1260  loss=0.2987  ce=0.4242  ctc=0.0057  lr=1.97e-04
  Epoch 34/80  Step 1150/1260  loss=0.3035  ce=0.4300  ctc=0.0084  lr=1.96e-04
  Epoch 34/80  Step 1200/1260  loss=0.2995  ce=0.4263  ctc=0.0037  lr=1.96e-04
  [GPU] Mem: 544MB / 25417MB (2.1%) | Peak: 2576MB
  Epoch 34/80  Step 1250/1260  loss=0.2966  ce=0.4225  ctc=0.0030  lr=1.96e-04
[Epoch 34] avg_loss=0.3041  time=153s
  [Val epoch 34 (constrained)] loss=0.4209  CER=0.0285  WER=0.1794  avg_pred_len=8.7
  [Val epoch 34 (unconstrained)] loss=0.4209  CER=0.0279  WER=0.1789  avg_pred_len=8.7
  [Checkpoint] epoch=34  val_cer=0.0279  best=0.0271

  ┌── Epoch 34 Summary ──────────────────────────
  │ Train Loss  : 0.3041
  │ Val CER     : 0.0279 (2.79%)
  │ Epoch Time  : 233s (0:03:53)
  │ Speed       : 345.8 samples/sec
  │ GPU Memory  : 548MB (peak: 2576MB)
  │ Total Time  : 2:22:35
  │ ETA         : 3:12:54 (46 epochs left)
  └─────────────────────────────────────────────────


──────────────────────────────────────────────────────────────────────
  Epoch 35 started at 16:07:21
──────────────────────────────────────────────────────────────────────
  Epoch 35/80  Step 0/1260  loss=0.3036  ce=0.4268  ctc=0.0162  lr=1.96e-04
  Epoch 35/80  Step 50/1260  loss=0.2987  ce=0.4243  ctc=0.0056  lr=1.96e-04
  Epoch 35/80  Step 100/1260  loss=0.2958  ce=0.4224  ctc=0.0004  lr=1.95e-04
  Epoch 35/80  Step 150/1260  loss=0.2989  ce=0.4263  ctc=0.0018  lr=1.95e-04
  Epoch 35/80  Step 200/1260  loss=0.3001  ce=0.4256  ctc=0.0070  lr=1.95e-04
  [GPU] Mem: 547MB / 25417MB (2.2%) | Peak: 2576MB
  Epoch 35/80  Step 250/1260  loss=0.3177  ce=0.4412  ctc=0.0297  lr=1.95e-04
  Epoch 35/80  Step 300/1260  loss=0.2969  ce=0.4222  ctc=0.0044  lr=1.94e-04
  Epoch 35/80  Step 350/1260  loss=0.2963  ce=0.4227  ctc=0.0014  lr=1.94e-04
  Epoch 35/80  Step 400/1260  loss=0.2957  ce=0.4223  ctc=0.0003  lr=1.94e-04
  [GPU] Mem: 548MB / 25417MB (2.2%) | Peak: 2576MB
  Epoch 35/80  Step 450/1260  loss=0.2979  ce=0.4240  ctc=0.0037  lr=1.94e-04
  Epoch 35/80  Step 500/1260  loss=0.3161  ce=0.4448  ctc=0.0156  lr=1.93e-04
  Epoch 35/80  Step 550/1260  loss=0.2958  ce=0.4222  ctc=0.0007  lr=1.93e-04
  Epoch 35/80  Step 600/1260  loss=0.2987  ce=0.4231  ctc=0.0085  lr=1.93e-04
  [GPU] Mem: 548MB / 25417MB (2.2%) | Peak: 2576MB
  Epoch 35/80  Step 650/1260  loss=0.3035  ce=0.4329  ctc=0.0015  lr=1.93e-04
  Epoch 35/80  Step 700/1260  loss=0.2990  ce=0.4244  ctc=0.0066  lr=1.93e-04
  Epoch 35/80  Step 750/1260  loss=0.2964  ce=0.4228  ctc=0.0014  lr=1.92e-04
  Epoch 35/80  Step 800/1260  loss=0.2991  ce=0.4244  ctc=0.0068  lr=1.92e-04
  [GPU] Mem: 544MB / 25417MB (2.1%) | Peak: 2576MB
  Epoch 35/80  Step 850/1260  loss=0.3202  ce=0.4319  ctc=0.0594  lr=1.92e-04
  Epoch 35/80  Step 900/1260  loss=0.2996  ce=0.4249  ctc=0.0072  lr=1.92e-04
  Epoch 35/80  Step 950/1260  loss=0.3065  ce=0.4337  ctc=0.0099  lr=1.91e-04
  Epoch 35/80  Step 1000/1260  loss=0.3026  ce=0.4292  ctc=0.0073  lr=1.91e-04
  [GPU] Mem: 548MB / 25417MB (2.2%) | Peak: 2576MB
  Epoch 35/80  Step 1050/1260  loss=0.3000  ce=0.4243  ctc=0.0100  lr=1.91e-04
  Epoch 35/80  Step 1100/1260  loss=0.3032  ce=0.4305  ctc=0.0062  lr=1.91e-04
  Epoch 35/80  Step 1150/1260  loss=0.3010  ce=0.4279  ctc=0.0050  lr=1.90e-04
  Epoch 35/80  Step 1200/1260  loss=0.2989  ce=0.4252  ctc=0.0043  lr=1.90e-04
  [GPU] Mem: 548MB / 25417MB (2.2%) | Peak: 2576MB
  Epoch 35/80  Step 1250/1260  loss=0.2973  ce=0.4238  ctc=0.0022  lr=1.90e-04
[Epoch 35] avg_loss=0.3033  time=151s
  [Val epoch 35 (constrained)] loss=0.4386  CER=0.0326  WER=0.1974  avg_pred_len=8.7
  [Val epoch 35 (unconstrained)] loss=0.4386  CER=0.0318  WER=0.1968  avg_pred_len=8.7
  [Checkpoint] epoch=35  val_cer=0.0318  best=0.0271

  Disk usage:
        best.pt     358.4 MB
     current.pt     358.4 MB
    previous.pt     358.4 MB
       TOTAL         1075.3 MB


  ┌── Epoch 35 Summary ──────────────────────────
  │ Train Loss  : 0.3033
  │ Val CER     : 0.0318 (3.18%)
  │ Epoch Time  : 232s (0:03:51)
  │ Speed       : 348.3 samples/sec
  │ GPU Memory  : 546MB (peak: 2576MB)
  │ Total Time  : 2:26:26
  │ ETA         : 3:08:16 (45 epochs left)
  └─────────────────────────────────────────────────


──────────────────────────────────────────────────────────────────────
  Epoch 36 started at 16:11:12
──────────────────────────────────────────────────────────────────────
  Epoch 36/80  Step 0/1260  loss=0.2968  ce=0.4233  ctc=0.0016  lr=1.90e-04
  Epoch 36/80  Step 50/1260  loss=0.2991  ce=0.4228  ctc=0.0106  lr=1.90e-04
  Epoch 36/80  Step 100/1260  loss=0.3274  ce=0.4432  ctc=0.0572  lr=1.89e-04
  Epoch 36/80  Step 150/1260  loss=0.3102  ce=0.4365  ctc=0.0154  lr=1.89e-04
  Epoch 36/80  Step 200/1260  loss=0.2964  ce=0.4231  ctc=0.0008  lr=1.89e-04
  [GPU] Mem: 547MB / 25417MB (2.2%) | Peak: 2576MB
  Epoch 36/80  Step 250/1260  loss=0.2960  ce=0.4224  ctc=0.0011  lr=1.89e-04
  Epoch 36/80  Step 300/1260  loss=0.2972  ce=0.4236  ctc=0.0024  lr=1.89e-04
  Epoch 36/80  Step 350/1260  loss=0.2963  ce=0.4225  ctc=0.0017  lr=1.88e-04
  Epoch 36/80  Step 400/1260  loss=0.3013  ce=0.4280  ctc=0.0057  lr=1.88e-04
  [GPU] Mem: 546MB / 25417MB (2.1%) | Peak: 2576MB
  Epoch 36/80  Step 450/1260  loss=0.3216  ce=0.4402  ctc=0.0446  lr=1.88e-04
  Epoch 36/80  Step 500/1260  loss=0.2969  ce=0.4238  ctc=0.0010  lr=1.88e-04
  Epoch 36/80  Step 550/1260  loss=0.3003  ce=0.4264  ctc=0.0061  lr=1.87e-04
  Epoch 36/80  Step 600/1260  loss=0.3013  ce=0.4264  ctc=0.0092  lr=1.87e-04
  [GPU] Mem: 548MB / 25417MB (2.2%) | Peak: 2576MB
  Epoch 36/80  Step 650/1260  loss=0.3086  ce=0.4351  ctc=0.0135  lr=1.87e-04
  Epoch 36/80  Step 700/1260  loss=0.2977  ce=0.4250  ctc=0.0007  lr=1.87e-04
  Epoch 36/80  Step 750/1260  loss=0.2983  ce=0.4253  ctc=0.0021  lr=1.86e-04
  Epoch 36/80  Step 800/1260  loss=0.3006  ce=0.4285  ctc=0.0019  lr=1.86e-04
  [GPU] Mem: 547MB / 25417MB (2.2%) | Peak: 2576MB
  Epoch 36/80  Step 850/1260  loss=0.2963  ce=0.4229  ctc=0.0008  lr=1.86e-04
  Epoch 36/80  Step 900/1260  loss=0.2959  ce=0.4225  ctc=0.0005  lr=1.86e-04
  Epoch 36/80  Step 950/1260  loss=0.2977  ce=0.4230  ctc=0.0055  lr=1.85e-04
  Epoch 36/80  Step 1000/1260  loss=0.2984  ce=0.4259  ctc=0.0010  lr=1.85e-04
  [GPU] Mem: 546MB / 25417MB (2.1%) | Peak: 2576MB
  Epoch 36/80  Step 1050/1260  loss=0.3013  ce=0.4268  ctc=0.0085  lr=1.85e-04
  Epoch 36/80  Step 1100/1260  loss=0.3104  ce=0.4386  ctc=0.0114  lr=1.85e-04
  Epoch 36/80  Step 1150/1260  loss=0.3067  ce=0.4320  ctc=0.0144  lr=1.84e-04
  Epoch 36/80  Step 1200/1260  loss=0.2983  ce=0.4257  ctc=0.0012  lr=1.84e-04
  [GPU] Mem: 546MB / 25417MB (2.1%) | Peak: 2576MB
  Epoch 36/80  Step 1250/1260  loss=0.3002  ce=0.4254  ctc=0.0079  lr=1.84e-04
[Epoch 36] avg_loss=0.3032  time=154s
  [Val epoch 36 (constrained)] loss=0.4420  CER=0.0310  WER=0.1936  avg_pred_len=8.8
  [Val epoch 36 (unconstrained)] loss=0.4420  CER=0.0304  WER=0.1934  avg_pred_len=8.8
  [Checkpoint] epoch=36  val_cer=0.0304  best=0.0271

  ┌── Epoch 36 Summary ──────────────────────────
  │ Train Loss  : 0.3032
  │ Val CER     : 0.0304 (3.04%)
  │ Epoch Time  : 234s (0:03:53)
  │ Speed       : 344.6 samples/sec
  │ GPU Memory  : 544MB (peak: 2576MB)
  │ Total Time  : 2:30:20
  │ ETA         : 3:03:44 (44 epochs left)
  └─────────────────────────────────────────────────


──────────────────────────────────────────────────────────────────────
  Epoch 37 started at 16:15:06
──────────────────────────────────────────────────────────────────────
  Epoch 37/80  Step 0/1260  loss=0.2981  ce=0.4242  ctc=0.0038  lr=1.84e-04
  Epoch 37/80  Step 50/1260  loss=0.2981  ce=0.4239  ctc=0.0045  lr=1.84e-04
  Epoch 37/80  Step 100/1260  loss=0.2958  ce=0.4222  ctc=0.0009  lr=1.83e-04
  Epoch 37/80  Step 150/1260  loss=0.3198  ce=0.4341  ctc=0.0529  lr=1.83e-04
  Epoch 37/80  Step 200/1260  loss=0.3049  ce=0.4353  ctc=0.0006  lr=1.83e-04
  [GPU] Mem: 546MB / 25417MB (2.1%) | Peak: 2576MB
  Epoch 37/80  Step 250/1260  loss=0.3070  ce=0.4265  ctc=0.0284  lr=1.83e-04
  Epoch 37/80  Step 300/1260  loss=0.3063  ce=0.4299  ctc=0.0181  lr=1.83e-04
  Epoch 37/80  Step 350/1260  loss=0.3006  ce=0.4279  ctc=0.0035  lr=1.82e-04
  Epoch 37/80  Step 400/1260  loss=0.3172  ce=0.4427  ctc=0.0245  lr=1.82e-04
  [GPU] Mem: 550MB / 25417MB (2.2%) | Peak: 2576MB
  Epoch 37/80  Step 450/1260  loss=0.3167  ce=0.4323  ctc=0.0470  lr=1.82e-04
  Epoch 37/80  Step 500/1260  loss=0.3089  ce=0.4332  ctc=0.0190  lr=1.82e-04
  Epoch 37/80  Step 550/1260  loss=0.3128  ce=0.4381  ctc=0.0205  lr=1.81e-04
  Epoch 37/80  Step 600/1260  loss=0.3025  ce=0.4290  ctc=0.0074  lr=1.81e-04
  [GPU] Mem: 549MB / 25417MB (2.2%) | Peak: 2576MB
  Epoch 37/80  Step 650/1260  loss=0.3081  ce=0.4338  ctc=0.0148  lr=1.81e-04
  Epoch 37/80  Step 700/1260  loss=0.2971  ce=0.4226  ctc=0.0041  lr=1.81e-04
  Epoch 37/80  Step 750/1260  loss=0.3017  ce=0.4300  ctc=0.0023  lr=1.80e-04
  Epoch 37/80  Step 800/1260  loss=0.2978  ce=0.4243  ctc=0.0026  lr=1.80e-04
  [GPU] Mem: 548MB / 25417MB (2.2%) | Peak: 2576MB
  Epoch 37/80  Step 850/1260  loss=0.3070  ce=0.4335  ctc=0.0118  lr=1.80e-04
  Epoch 37/80  Step 900/1260  loss=0.2961  ce=0.4224  ctc=0.0014  lr=1.80e-04
  Epoch 37/80  Step 950/1260  loss=0.3156  ce=0.4365  ctc=0.0333  lr=1.79e-04
  Epoch 37/80  Step 1000/1260  loss=0.3034  ce=0.4293  ctc=0.0098  lr=1.79e-04
  [GPU] Mem: 542MB / 25417MB (2.1%) | Peak: 2576MB
  Epoch 37/80  Step 1050/1260  loss=0.2962  ce=0.4229  ctc=0.0006  lr=1.79e-04
  Epoch 37/80  Step 1100/1260  loss=0.3043  ce=0.4326  ctc=0.0049  lr=1.79e-04
  Epoch 37/80  Step 1150/1260  loss=0.2977  ce=0.4231  ctc=0.0051  lr=1.78e-04
  Epoch 37/80  Step 1200/1260  loss=0.2990  ce=0.4249  ctc=0.0051  lr=1.78e-04
  [GPU] Mem: 547MB / 25417MB (2.2%) | Peak: 2576MB
  Epoch 37/80  Step 1250/1260  loss=0.3334  ce=0.4467  ctc=0.0692  lr=1.78e-04
[Epoch 37] avg_loss=0.3024  time=153s
  [Val epoch 37 (constrained)] loss=0.4397  CER=0.0312  WER=0.1902  avg_pred_len=8.7
  [Val epoch 37 (unconstrained)] loss=0.4397  CER=0.0302  WER=0.1893  avg_pred_len=8.7
  [Checkpoint] epoch=37  val_cer=0.0302  best=0.0271

  ┌── Epoch 37 Summary ──────────────────────────
  │ Train Loss  : 0.3024
  │ Val CER     : 0.0302 (3.02%)
  │ Epoch Time  : 233s (0:03:53)
  │ Speed       : 345.7 samples/sec
  │ GPU Memory  : 548MB (peak: 2576MB)
  │ Total Time  : 2:34:14
  │ ETA         : 2:59:14 (43 epochs left)
  └─────────────────────────────────────────────────


──────────────────────────────────────────────────────────────────────
  Epoch 38 started at 16:19:00
──────────────────────────────────────────────────────────────────────
  Epoch 38/80  Step 0/1260  loss=0.2976  ce=0.4232  ctc=0.0044  lr=1.78e-04
  Epoch 38/80  Step 50/1260  loss=0.2974  ce=0.4238  ctc=0.0024  lr=1.78e-04
  Epoch 38/80  Step 100/1260  loss=0.3234  ce=0.4381  ctc=0.0555  lr=1.77e-04
  Epoch 38/80  Step 150/1260  loss=0.3181  ce=0.4329  ctc=0.0503  lr=1.77e-04
  Epoch 38/80  Step 200/1260  loss=0.3186  ce=0.4359  ctc=0.0450  lr=1.77e-04
  [GPU] Mem: 547MB / 25417MB (2.2%) | Peak: 2576MB
  Epoch 38/80  Step 250/1260  loss=0.2988  ce=0.4267  ctc=0.0005  lr=1.77e-04
  Epoch 38/80  Step 300/1260  loss=0.2972  ce=0.4232  ctc=0.0030  lr=1.77e-04
  Epoch 38/80  Step 350/1260  loss=0.2994  ce=0.4274  ctc=0.0006  lr=1.76e-04
  Epoch 38/80  Step 400/1260  loss=0.2959  ce=0.4225  ctc=0.0005  lr=1.76e-04
  [GPU] Mem: 547MB / 25417MB (2.2%) | Peak: 2576MB
  Epoch 38/80  Step 450/1260  loss=0.3077  ce=0.4287  ctc=0.0252  lr=1.76e-04
  Epoch 38/80  Step 500/1260  loss=0.3014  ce=0.4293  ctc=0.0028  lr=1.76e-04
  Epoch 38/80  Step 550/1260  loss=0.3138  ce=0.4377  ctc=0.0249  lr=1.75e-04
  Epoch 38/80  Step 600/1260  loss=0.2974  ce=0.4230  ctc=0.0044  lr=1.75e-04
  [GPU] Mem: 546MB / 25417MB (2.1%) | Peak: 2576MB
  Epoch 38/80  Step 650/1260  loss=0.3002  ce=0.4268  ctc=0.0049  lr=1.75e-04
  Epoch 38/80  Step 700/1260  loss=0.2955  ce=0.4221  ctc=0.0003  lr=1.75e-04
  Epoch 38/80  Step 750/1260  loss=0.2973  ce=0.4229  ctc=0.0043  lr=1.74e-04
  Epoch 38/80  Step 800/1260  loss=0.3022  ce=0.4309  ctc=0.0020  lr=1.74e-04
  [GPU] Mem: 542MB / 25417MB (2.1%) | Peak: 2576MB
  Epoch 38/80  Step 850/1260  loss=0.2981  ce=0.4249  ctc=0.0024  lr=1.74e-04
  Epoch 38/80  Step 900/1260  loss=0.2986  ce=0.4237  ctc=0.0069  lr=1.74e-04
  Epoch 38/80  Step 950/1260  loss=0.2956  ce=0.4220  ctc=0.0005  lr=1.73e-04
  Epoch 38/80  Step 1000/1260  loss=0.2964  ce=0.4230  ctc=0.0010  lr=1.73e-04
  [GPU] Mem: 548MB / 25417MB (2.2%) | Peak: 2576MB
  Epoch 38/80  Step 1050/1260  loss=0.3015  ce=0.4282  ctc=0.0059  lr=1.73e-04
  Epoch 38/80  Step 1100/1260  loss=0.3018  ce=0.4278  ctc=0.0078  lr=1.73e-04
  Epoch 38/80  Step 1150/1260  loss=0.2953  ce=0.4215  ctc=0.0008  lr=1.72e-04
  Epoch 38/80  Step 1200/1260  loss=0.3151  ce=0.4303  ctc=0.0461  lr=1.72e-04
  [GPU] Mem: 544MB / 25417MB (2.1%) | Peak: 2576MB
  Epoch 38/80  Step 1250/1260  loss=0.3003  ce=0.4278  ctc=0.0027  lr=1.72e-04
[Epoch 38] avg_loss=0.3019  time=154s
  [Val epoch 38 (constrained)] loss=0.4596  CER=0.0343  WER=0.2104  avg_pred_len=8.7
  [Val epoch 38 (unconstrained)] loss=0.4596  CER=0.0333  WER=0.2104  avg_pred_len=8.7
  [Checkpoint] epoch=38  val_cer=0.0333  best=0.0271

  ┌── Epoch 38 Summary ──────────────────────────
  │ Train Loss  : 0.3019
  │ Val CER     : 0.0333 (3.33%)
  │ Epoch Time  : 234s (0:03:53)
  │ Speed       : 345.0 samples/sec
  │ GPU Memory  : 546MB (peak: 2576MB)
  │ Total Time  : 2:38:07
  │ ETA         : 2:54:45 (42 epochs left)
  └─────────────────────────────────────────────────


──────────────────────────────────────────────────────────────────────
  Epoch 39 started at 16:22:53
──────────────────────────────────────────────────────────────────────
  Epoch 39/80  Step 0/1260  loss=0.3002  ce=0.4242  ctc=0.0109  lr=1.72e-04
  Epoch 39/80  Step 50/1260  loss=0.3019  ce=0.4301  ctc=0.0026  lr=1.72e-04
  Epoch 39/80  Step 100/1260  loss=0.2961  ce=0.4229  ctc=0.0003  lr=1.71e-04
  Epoch 39/80  Step 150/1260  loss=0.2985  ce=0.4253  ctc=0.0027  lr=1.71e-04
  Epoch 39/80  Step 200/1260  loss=0.2971  ce=0.4232  ctc=0.0031  lr=1.71e-04
  [GPU] Mem: 546MB / 25417MB (2.1%) | Peak: 2576MB
  Epoch 39/80  Step 250/1260  loss=0.2979  ce=0.4243  ctc=0.0030  lr=1.71e-04
  Epoch 39/80  Step 300/1260  loss=0.2963  ce=0.4223  ctc=0.0023  lr=1.70e-04
  Epoch 39/80  Step 350/1260  loss=0.3018  ce=0.4276  ctc=0.0081  lr=1.70e-04
  Epoch 39/80  Step 400/1260  loss=0.2953  ce=0.4216  ctc=0.0006  lr=1.70e-04
  [GPU] Mem: 548MB / 25417MB (2.2%) | Peak: 2576MB
  Epoch 39/80  Step 450/1260  loss=0.3003  ce=0.4245  ctc=0.0106  lr=1.70e-04
  Epoch 39/80  Step 500/1260  loss=0.3007  ce=0.4269  ctc=0.0063  lr=1.70e-04
  Epoch 39/80  Step 550/1260  loss=0.2960  ce=0.4224  ctc=0.0011  lr=1.69e-04
  Epoch 39/80  Step 600/1260  loss=0.2979  ce=0.4241  ctc=0.0035  lr=1.69e-04
  [GPU] Mem: 548MB / 25417MB (2.2%) | Peak: 2576MB
  Epoch 39/80  Step 650/1260  loss=0.3005  ce=0.4253  ctc=0.0091  lr=1.69e-04
  Epoch 39/80  Step 700/1260  loss=0.2965  ce=0.4228  ctc=0.0018  lr=1.69e-04
  Epoch 39/80  Step 750/1260  loss=0.3004  ce=0.4251  ctc=0.0093  lr=1.68e-04
  Epoch 39/80  Step 800/1260  loss=0.2984  ce=0.4258  ctc=0.0012  lr=1.68e-04
  [GPU] Mem: 548MB / 25417MB (2.2%) | Peak: 2576MB
  Epoch 39/80  Step 850/1260  loss=0.2983  ce=0.4239  ctc=0.0053  lr=1.68e-04
  Epoch 39/80  Step 900/1260  loss=0.3164  ce=0.4474  ctc=0.0109  lr=1.68e-04
  Epoch 39/80  Step 950/1260  loss=0.3018  ce=0.4283  ctc=0.0068  lr=1.67e-04
  Epoch 39/80  Step 1000/1260  loss=0.2984  ce=0.4248  ctc=0.0033  lr=1.67e-04
  [GPU] Mem: 546MB / 25417MB (2.1%) | Peak: 2576MB
  Epoch 39/80  Step 1050/1260  loss=0.3059  ce=0.4333  ctc=0.0086  lr=1.67e-04
  Epoch 39/80  Step 1100/1260  loss=0.2956  ce=0.4221  ctc=0.0004  lr=1.67e-04
  Epoch 39/80  Step 1150/1260  loss=0.2998  ce=0.4253  ctc=0.0069  lr=1.66e-04
  Epoch 39/80  Step 1200/1260  loss=0.2971  ce=0.4220  ctc=0.0056  lr=1.66e-04
  [GPU] Mem: 549MB / 25417MB (2.2%) | Peak: 2576MB
  Epoch 39/80  Step 1250/1260  loss=0.2961  ce=0.4228  ctc=0.0003  lr=1.66e-04
[Epoch 39] avg_loss=0.3015  time=154s
  [Val epoch 39 (constrained)] loss=0.4397  CER=0.0305  WER=0.1897  avg_pred_len=8.7
  [Val epoch 39 (unconstrained)] loss=0.4397  CER=0.0295  WER=0.1890  avg_pred_len=8.7
  [Checkpoint] epoch=39  val_cer=0.0295  best=0.0271

  ┌── Epoch 39 Summary ──────────────────────────
  │ Train Loss  : 0.3015
  │ Val CER     : 0.0295 (2.95%)
  │ Epoch Time  : 234s (0:03:53)
  │ Speed       : 345.1 samples/sec
  │ GPU Memory  : 547MB (peak: 2576MB)
  │ Total Time  : 2:42:01
  │ ETA         : 2:50:19 (41 epochs left)
  └─────────────────────────────────────────────────


──────────────────────────────────────────────────────────────────────
  Epoch 40 started at 16:26:47
──────────────────────────────────────────────────────────────────────
  Epoch 40/80  Step 0/1260  loss=0.3018  ce=0.4284  ctc=0.0064  lr=1.66e-04
  Epoch 40/80  Step 50/1260  loss=0.2969  ce=0.4240  ctc=0.0004  lr=1.66e-04
  Epoch 40/80  Step 100/1260  loss=0.3058  ce=0.4288  ctc=0.0188  lr=1.65e-04
  Epoch 40/80  Step 150/1260  loss=0.2982  ce=0.4240  ctc=0.0046  lr=1.65e-04
  Epoch 40/80  Step 200/1260  loss=0.2985  ce=0.4252  ctc=0.0027  lr=1.65e-04
  [GPU] Mem: 548MB / 25417MB (2.2%) | Peak: 2576MB
  Epoch 40/80  Step 250/1260  loss=0.2959  ce=0.4225  ctc=0.0007  lr=1.65e-04
  Epoch 40/80  Step 300/1260  loss=0.2956  ce=0.4217  ctc=0.0012  lr=1.64e-04
  Epoch 40/80  Step 350/1260  loss=0.2962  ce=0.4227  ctc=0.0008  lr=1.64e-04
  Epoch 40/80  Step 400/1260  loss=0.2957  ce=0.4222  ctc=0.0006  lr=1.64e-04
  [GPU] Mem: 546MB / 25417MB (2.1%) | Peak: 2576MB
  Epoch 40/80  Step 450/1260  loss=0.2974  ce=0.4243  ctc=0.0015  lr=1.64e-04
  Epoch 40/80  Step 500/1260  loss=0.2959  ce=0.4222  ctc=0.0012  lr=1.63e-04
  Epoch 40/80  Step 550/1260  loss=0.3032  ce=0.4298  ctc=0.0077  lr=1.63e-04
  Epoch 40/80  Step 600/1260  loss=0.3077  ce=0.4318  ctc=0.0182  lr=1.63e-04
  [GPU] Mem: 544MB / 25417MB (2.1%) | Peak: 2576MB
  Epoch 40/80  Step 650/1260  loss=0.3016  ce=0.4284  ctc=0.0057  lr=1.63e-04
  Epoch 40/80  Step 700/1260  loss=0.2961  ce=0.4220  ctc=0.0025  lr=1.62e-04
  Epoch 40/80  Step 750/1260  loss=0.3020  ce=0.4286  ctc=0.0066  lr=1.62e-04
  Epoch 40/80  Step 800/1260  loss=0.2989  ce=0.4242  ctc=0.0067  lr=1.62e-04
  [GPU] Mem: 548MB / 25417MB (2.2%) | Peak: 2576MB
  Epoch 40/80  Step 850/1260  loss=0.3158  ce=0.4316  ctc=0.0458  lr=1.62e-04
  Epoch 40/80  Step 900/1260  loss=0.2990  ce=0.4256  ctc=0.0037  lr=1.61e-04
  Epoch 40/80  Step 950/1260  loss=0.2970  ce=0.4240  ctc=0.0006  lr=1.61e-04
  Epoch 40/80  Step 1000/1260  loss=0.2954  ce=0.4219  ctc=0.0003  lr=1.61e-04
  [GPU] Mem: 547MB / 25417MB (2.2%) | Peak: 2576MB
  Epoch 40/80  Step 1050/1260  loss=0.3005  ce=0.4253  ctc=0.0094  lr=1.61e-04
  Epoch 40/80  Step 1100/1260  loss=0.2999  ce=0.4245  ctc=0.0091  lr=1.61e-04
  Epoch 40/80  Step 1150/1260  loss=0.3193  ce=0.4345  ctc=0.0505  lr=1.60e-04
  Epoch 40/80  Step 1200/1260  loss=0.3040  ce=0.4259  ctc=0.0196  lr=1.60e-04
  [GPU] Mem: 547MB / 25417MB (2.2%) | Peak: 2576MB
  Epoch 40/80  Step 1250/1260  loss=0.2974  ce=0.4231  ctc=0.0039  lr=1.60e-04
[Epoch 40] avg_loss=0.3011  time=152s
  [Val epoch 40 (constrained)] loss=0.4387  CER=0.0295  WER=0.1845  avg_pred_len=8.7
  [Val epoch 40 (unconstrained)] loss=0.4387  CER=0.0287  WER=0.1845  avg_pred_len=8.7
  [Checkpoint] epoch=40  val_cer=0.0287  best=0.0271

  Disk usage:
        best.pt     358.4 MB
     current.pt     358.4 MB
    previous.pt     358.4 MB
       TOTAL         1075.3 MB


  ┌── Epoch 40 Summary ──────────────────────────
  │ Train Loss  : 0.3011
  │ Val CER     : 0.0287 (2.87%)
  │ Epoch Time  : 232s (0:03:52)
  │ Speed       : 347.3 samples/sec
  │ GPU Memory  : 546MB (peak: 2576MB)
  │ Total Time  : 2:45:53
  │ ETA         : 2:45:53 (40 epochs left)
  └─────────────────────────────────────────────────


──────────────────────────────────────────────────────────────────────
  Epoch 41 started at 16:30:39
──────────────────────────────────────────────────────────────────────
  Epoch 41/80  Step 0/1260  loss=0.2963  ce=0.4227  ctc=0.0015  lr=1.60e-04
  Epoch 41/80  Step 50/1260  loss=0.2995  ce=0.4267  ctc=0.0027  lr=1.59e-04
  Epoch 41/80  Step 100/1260  loss=0.2978  ce=0.4239  ctc=0.0036  lr=1.59e-04
  Epoch 41/80  Step 150/1260  loss=0.2973  ce=0.4218  ctc=0.0067  lr=1.59e-04
  Epoch 41/80  Step 200/1260  loss=0.2978  ce=0.4241  ctc=0.0031  lr=1.59e-04
  [GPU] Mem: 546MB / 25417MB (2.1%) | Peak: 2576MB
  Epoch 41/80  Step 250/1260  loss=0.2963  ce=0.4224  ctc=0.0023  lr=1.59e-04
  Epoch 41/80  Step 300/1260  loss=0.3030  ce=0.4250  ctc=0.0183  lr=1.58e-04
  Epoch 41/80  Step 350/1260  loss=0.2954  ce=0.4216  ctc=0.0008  lr=1.58e-04
  Epoch 41/80  Step 400/1260  loss=0.2961  ce=0.4227  ctc=0.0006  lr=1.58e-04
  [GPU] Mem: 548MB / 25417MB (2.2%) | Peak: 2576MB
  Epoch 41/80  Step 450/1260  loss=0.2971  ce=0.4228  ctc=0.0038  lr=1.58e-04
  Epoch 41/80  Step 500/1260  loss=0.3355  ce=0.4554  ctc=0.0558  lr=1.57e-04
  Epoch 41/80  Step 550/1260  loss=0.3155  ce=0.4345  ctc=0.0378  lr=1.57e-04
  Epoch 41/80  Step 600/1260  loss=0.2996  ce=0.4235  ctc=0.0104  lr=1.57e-04
  [GPU] Mem: 548MB / 25417MB (2.2%) | Peak: 2576MB
  Epoch 41/80  Step 650/1260  loss=0.2967  ce=0.4237  ctc=0.0003  lr=1.57e-04
  Epoch 41/80  Step 700/1260  loss=0.3040  ce=0.4311  ctc=0.0072  lr=1.56e-04
  Epoch 41/80  Step 750/1260  loss=0.3051  ce=0.4302  ctc=0.0131  lr=1.56e-04
  Epoch 41/80  Step 800/1260  loss=0.2960  ce=0.4217  ctc=0.0026  lr=1.56e-04
  [GPU] Mem: 547MB / 25417MB (2.2%) | Peak: 2576MB
  Epoch 41/80  Step 850/1260  loss=0.2957  ce=0.4219  ctc=0.0012  lr=1.56e-04
  Epoch 41/80  Step 900/1260  loss=0.2995  ce=0.4228  ctc=0.0118  lr=1.55e-04
  Epoch 41/80  Step 950/1260  loss=0.2954  ce=0.4218  ctc=0.0005  lr=1.55e-04
  Epoch 41/80  Step 1000/1260  loss=0.2989  ce=0.4254  ctc=0.0037  lr=1.55e-04
  [GPU] Mem: 543MB / 25417MB (2.1%) | Peak: 2576MB
  Epoch 41/80  Step 1050/1260  loss=0.2953  ce=0.4215  ctc=0.0008  lr=1.55e-04
  Epoch 41/80  Step 1100/1260  loss=0.2954  ce=0.4218  ctc=0.0005  lr=1.54e-04
  Epoch 41/80  Step 1150/1260  loss=0.2978  ce=0.4239  ctc=0.0034  lr=1.54e-04
  Epoch 41/80  Step 1200/1260  loss=0.2967  ce=0.4217  ctc=0.0051  lr=1.54e-04
  [GPU] Mem: 548MB / 25417MB (2.2%) | Peak: 2576MB
  Epoch 41/80  Step 1250/1260  loss=0.2991  ce=0.4236  ctc=0.0085  lr=1.54e-04
[Epoch 41] avg_loss=0.3006  time=153s
  [Val epoch 41 (constrained)] loss=0.4358  CER=0.0296  WER=0.1856  avg_pred_len=8.7
  [Val epoch 41 (unconstrained)] loss=0.4358  CER=0.0290  WER=0.1853  avg_pred_len=8.7
  [Checkpoint] epoch=41  val_cer=0.0290  best=0.0271

  ┌── Epoch 41 Summary ──────────────────────────
  │ Train Loss  : 0.3006
  │ Val CER     : 0.0290 (2.90%)
  │ Epoch Time  : 233s (0:03:52)
  │ Speed       : 346.4 samples/sec
  │ GPU Memory  : 542MB (peak: 2576MB)
  │ Total Time  : 2:49:46
  │ ETA         : 2:41:29 (39 epochs left)
  └─────────────────────────────────────────────────


──────────────────────────────────────────────────────────────────────
  Epoch 42 started at 16:34:32
──────────────────────────────────────────────────────────────────────
  Epoch 42/80  Step 0/1260  loss=0.2981  ce=0.4254  ctc=0.0011  lr=1.54e-04
  Epoch 42/80  Step 50/1260  loss=0.2952  ce=0.4216  ctc=0.0004  lr=1.53e-04
  Epoch 42/80  Step 100/1260  loss=0.3054  ce=0.4305  ctc=0.0136  lr=1.53e-04
  Epoch 42/80  Step 150/1260  loss=0.2959  ce=0.4222  ctc=0.0010  lr=1.53e-04
  Epoch 42/80  Step 200/1260  loss=0.2955  ce=0.4216  ctc=0.0014  lr=1.53e-04
  [GPU] Mem: 547MB / 25417MB (2.2%) | Peak: 2576MB
  Epoch 42/80  Step 250/1260  loss=0.2953  ce=0.4218  ctc=0.0004  lr=1.52e-04
  Epoch 42/80  Step 300/1260  loss=0.2979  ce=0.4221  ctc=0.0083  lr=1.52e-04
  Epoch 42/80  Step 350/1260  loss=0.3068  ce=0.4350  ctc=0.0078  lr=1.52e-04
  Epoch 42/80  Step 400/1260  loss=0.2983  ce=0.4251  ctc=0.0024  lr=1.52e-04
  [GPU] Mem: 547MB / 25417MB (2.2%) | Peak: 2576MB
  Epoch 42/80  Step 450/1260  loss=0.2953  ce=0.4214  ctc=0.0008  lr=1.51e-04
  Epoch 42/80  Step 500/1260  loss=0.2976  ce=0.4239  ctc=0.0031  lr=1.51e-04
  Epoch 42/80  Step 550/1260  loss=0.2969  ce=0.4241  ctc=0.0002  lr=1.51e-04
  Epoch 42/80  Step 600/1260  loss=0.2956  ce=0.4222  ctc=0.0004  lr=1.51e-04
  [GPU] Mem: 546MB / 25417MB (2.1%) | Peak: 2576MB
  Epoch 42/80  Step 650/1260  loss=0.3216  ce=0.4343  ctc=0.0587  lr=1.50e-04
  Epoch 42/80  Step 700/1260  loss=0.3012  ce=0.4228  ctc=0.0175  lr=1.50e-04
  Epoch 42/80  Step 750/1260  loss=0.2951  ce=0.4214  ctc=0.0003  lr=1.50e-04
  Epoch 42/80  Step 800/1260  loss=0.2958  ce=0.4216  ctc=0.0024  lr=1.50e-04
  [GPU] Mem: 546MB / 25417MB (2.1%) | Peak: 2576MB
  Epoch 42/80  Step 850/1260  loss=0.2955  ce=0.4219  ctc=0.0005  lr=1.49e-04
  Epoch 42/80  Step 900/1260  loss=0.2949  ce=0.4212  ctc=0.0002  lr=1.49e-04
  Epoch 42/80  Step 950/1260  loss=0.2960  ce=0.4217  ctc=0.0027  lr=1.49e-04
  Epoch 42/80  Step 1000/1260  loss=0.2952  ce=0.4215  ctc=0.0004  lr=1.49e-04
  [GPU] Mem: 548MB / 25417MB (2.2%) | Peak: 2576MB
  Epoch 42/80  Step 1050/1260  loss=0.2953  ce=0.4213  ctc=0.0013  lr=1.48e-04
  Epoch 42/80  Step 1100/1260  loss=0.2952  ce=0.4213  ctc=0.0008  lr=1.48e-04
  Epoch 42/80  Step 1150/1260  loss=0.3281  ce=0.4418  ctc=0.0629  lr=1.48e-04
  Epoch 42/80  Step 1200/1260  loss=0.2959  ce=0.4221  ctc=0.0017  lr=1.48e-04
  [GPU] Mem: 544MB / 25417MB (2.1%) | Peak: 2576MB
  Epoch 42/80  Step 1250/1260  loss=0.2989  ce=0.4248  ctc=0.0052  lr=1.48e-04
[Epoch 42] avg_loss=0.3004  time=153s
  [Val epoch 42 (constrained)] loss=0.4563  CER=0.0329  WER=0.1971  avg_pred_len=8.7
  [Val epoch 42 (unconstrained)] loss=0.4563  CER=0.0320  WER=0.1972  avg_pred_len=8.7
  [Checkpoint] epoch=42  val_cer=0.0320  best=0.0271

  ┌── Epoch 42 Summary ──────────────────────────
  │ Train Loss  : 0.3004
  │ Val CER     : 0.0320 (3.20%)
  │ Epoch Time  : 233s (0:03:52)
  │ Speed       : 346.6 samples/sec
  │ GPU Memory  : 542MB (peak: 2576MB)
  │ Total Time  : 2:53:39
  │ ETA         : 2:37:06 (38 epochs left)
  └─────────────────────────────────────────────────


──────────────────────────────────────────────────────────────────────
  Epoch 43 started at 16:38:25
──────────────────────────────────────────────────────────────────────
  Epoch 43/80  Step 0/1260  loss=0.2953  ce=0.4213  ctc=0.0013  lr=1.47e-04
  Epoch 43/80  Step 50/1260  loss=0.3172  ce=0.4306  ctc=0.0527  lr=1.47e-04
  Epoch 43/80  Step 100/1260  loss=0.2958  ce=0.4220  ctc=0.0014  lr=1.47e-04
  Epoch 43/80  Step 150/1260  loss=0.2965  ce=0.4231  ctc=0.0010  lr=1.47e-04
  Epoch 43/80  Step 200/1260  loss=0.2953  ce=0.4215  ctc=0.0007  lr=1.46e-04
  [GPU] Mem: 546MB / 25417MB (2.1%) | Peak: 2576MB
  Epoch 43/80  Step 250/1260  loss=0.2950  ce=0.4213  ctc=0.0006  lr=1.46e-04
  Epoch 43/80  Step 300/1260  loss=0.2961  ce=0.4229  ctc=0.0002  lr=1.46e-04
  Epoch 43/80  Step 350/1260  loss=0.2958  ce=0.4220  ctc=0.0012  lr=1.46e-04
  Epoch 43/80  Step 400/1260  loss=0.2978  ce=0.4247  ctc=0.0017  lr=1.46e-04
  [GPU] Mem: 548MB / 25417MB (2.2%) | Peak: 2576MB
  Epoch 43/80  Step 450/1260  loss=0.3279  ce=0.4436  ctc=0.0581  lr=1.45e-04
  Epoch 43/80  Step 500/1260  loss=0.2969  ce=0.4214  ctc=0.0065  lr=1.45e-04
  Epoch 43/80  Step 550/1260  loss=0.3290  ce=0.4420  ctc=0.0654  lr=1.45e-04
  Epoch 43/80  Step 600/1260  loss=0.3017  ce=0.4303  ctc=0.0015  lr=1.45e-04
  [GPU] Mem: 547MB / 25417MB (2.2%) | Peak: 2576MB
  Epoch 43/80  Step 650/1260  loss=0.2959  ce=0.4221  ctc=0.0015  lr=1.44e-04
  Epoch 43/80  Step 700/1260  loss=0.2958  ce=0.4215  ctc=0.0023  lr=1.44e-04
  Epoch 43/80  Step 750/1260  loss=0.3004  ce=0.4251  ctc=0.0095  lr=1.44e-04
  Epoch 43/80  Step 800/1260  loss=0.3048  ce=0.4269  ctc=0.0200  lr=1.44e-04
  [GPU] Mem: 548MB / 25417MB (2.2%) | Peak: 2576MB
  Epoch 43/80  Step 850/1260  loss=0.2986  ce=0.4253  ctc=0.0030  lr=1.43e-04
  Epoch 43/80  Step 900/1260  loss=0.2954  ce=0.4215  ctc=0.0014  lr=1.43e-04
  Epoch 43/80  Step 950/1260  loss=0.3153  ce=0.4279  ctc=0.0524  lr=1.43e-04
  Epoch 43/80  Step 1000/1260  loss=0.2949  ce=0.4212  ctc=0.0002  lr=1.43e-04
  [GPU] Mem: 546MB / 25417MB (2.1%) | Peak: 2576MB
  Epoch 43/80  Step 1050/1260  loss=0.2952  ce=0.4214  ctc=0.0008  lr=1.42e-04
  Epoch 43/80  Step 1100/1260  loss=0.3251  ce=0.4455  ctc=0.0440  lr=1.42e-04
  Epoch 43/80  Step 1150/1260  loss=0.2964  ce=0.4217  ctc=0.0041  lr=1.42e-04
  Epoch 43/80  Step 1200/1260  loss=0.2976  ce=0.4239  ctc=0.0029  lr=1.42e-04
  [GPU] Mem: 544MB / 25417MB (2.1%) | Peak: 2576MB
  Epoch 43/80  Step 1250/1260  loss=0.2960  ce=0.4222  ctc=0.0016  lr=1.41e-04
[Epoch 43] avg_loss=0.2998  time=154s
  [Val epoch 43 (constrained)] loss=0.4498  CER=0.0312  WER=0.1949  avg_pred_len=8.7
  [Val epoch 43 (unconstrained)] loss=0.4498  CER=0.0303  WER=0.1945  avg_pred_len=8.7
  [Checkpoint] epoch=43  val_cer=0.0303  best=0.0271

  ┌── Epoch 43 Summary ──────────────────────────
  │ Train Loss  : 0.2998
  │ Val CER     : 0.0303 (3.03%)
  │ Epoch Time  : 234s (0:03:54)
  │ Speed       : 344.0 samples/sec
  │ GPU Memory  : 548MB (peak: 2576MB)
  │ Total Time  : 2:57:33
  │ ETA         : 2:32:46 (37 epochs left)
  └─────────────────────────────────────────────────


──────────────────────────────────────────────────────────────────────
  Epoch 44 started at 16:42:19
──────────────────────────────────────────────────────────────────────
  Epoch 44/80  Step 0/1260  loss=0.2954  ce=0.4218  ctc=0.0005  lr=1.41e-04
  Epoch 44/80  Step 50/1260  loss=0.3167  ce=0.4323  ctc=0.0469  lr=1.41e-04
  Epoch 44/80  Step 100/1260  loss=0.3216  ce=0.4352  ctc=0.0567  lr=1.41e-04
  Epoch 44/80  Step 150/1260  loss=0.2950  ce=0.4212  ctc=0.0006  lr=1.41e-04
  Epoch 44/80  Step 200/1260  loss=0.2963  ce=0.4220  ctc=0.0030  lr=1.40e-04
  [GPU] Mem: 546MB / 25417MB (2.1%) | Peak: 2576MB
  Epoch 44/80  Step 250/1260  loss=0.2966  ce=0.4235  ctc=0.0007  lr=1.40e-04
  Epoch 44/80  Step 300/1260  loss=0.2956  ce=0.4219  ctc=0.0008  lr=1.40e-04
  Epoch 44/80  Step 350/1260  loss=0.2967  ce=0.4218  ctc=0.0047  lr=1.40e-04
  Epoch 44/80  Step 400/1260  loss=0.2955  ce=0.4215  ctc=0.0014  lr=1.39e-04
  [GPU] Mem: 547MB / 25417MB (2.2%) | Peak: 2576MB
  Epoch 44/80  Step 450/1260  loss=0.2965  ce=0.4232  ctc=0.0008  lr=1.39e-04
  Epoch 44/80  Step 500/1260  loss=0.2982  ce=0.4239  ctc=0.0048  lr=1.39e-04
  Epoch 44/80  Step 550/1260  loss=0.3000  ce=0.4243  ctc=0.0099  lr=1.39e-04
  Epoch 44/80  Step 600/1260  loss=0.3010  ce=0.4297  ctc=0.0006  lr=1.38e-04
  [GPU] Mem: 547MB / 25417MB (2.2%) | Peak: 2576MB
  Epoch 44/80  Step 650/1260  loss=0.2956  ce=0.4217  ctc=0.0013  lr=1.38e-04
  Epoch 44/80  Step 700/1260  loss=0.2954  ce=0.4215  ctc=0.0011  lr=1.38e-04
  Epoch 44/80  Step 750/1260  loss=0.2953  ce=0.4217  ctc=0.0005  lr=1.38e-04
  Epoch 44/80  Step 800/1260  loss=0.2950  ce=0.4214  ctc=0.0002  lr=1.37e-04
  [GPU] Mem: 548MB / 25417MB (2.2%) | Peak: 2576MB
  Epoch 44/80  Step 850/1260  loss=0.2948  ce=0.4210  ctc=0.0005  lr=1.37e-04
  Epoch 44/80  Step 900/1260  loss=0.2958  ce=0.4223  ctc=0.0006  lr=1.37e-04
  Epoch 44/80  Step 950/1260  loss=0.3014  ce=0.4273  ctc=0.0076  lr=1.37e-04
  Epoch 44/80  Step 1000/1260  loss=0.2958  ce=0.4218  ctc=0.0018  lr=1.36e-04
  [GPU] Mem: 546MB / 25417MB (2.1%) | Peak: 2576MB
  Epoch 44/80  Step 1050/1260  loss=0.3180  ce=0.4332  ctc=0.0491  lr=1.36e-04
  Epoch 44/80  Step 1100/1260  loss=0.2952  ce=0.4214  ctc=0.0007  lr=1.36e-04
  Epoch 44/80  Step 1150/1260  loss=0.2997  ce=0.4275  ctc=0.0016  lr=1.36e-04
  Epoch 44/80  Step 1200/1260  loss=0.2965  ce=0.4234  ctc=0.0005  lr=1.36e-04
  [GPU] Mem: 546MB / 25417MB (2.1%) | Peak: 2576MB
  Epoch 44/80  Step 1250/1260  loss=0.2951  ce=0.4213  ctc=0.0007  lr=1.35e-04
[Epoch 44] avg_loss=0.2995  time=153s
  [Val epoch 44 (constrained)] loss=0.4408  CER=0.0296  WER=0.1839  avg_pred_len=8.7
  [Val epoch 44 (unconstrained)] loss=0.4408  CER=0.0288  WER=0.1833  avg_pred_len=8.7
  [Checkpoint] epoch=44  val_cer=0.0288  best=0.0271

  ┌── Epoch 44 Summary ──────────────────────────
  │ Train Loss  : 0.2995
  │ Val CER     : 0.0288 (2.88%)
  │ Epoch Time  : 233s (0:03:52)
  │ Speed       : 346.2 samples/sec
  │ GPU Memory  : 546MB (peak: 2576MB)
  │ Total Time  : 3:01:26
  │ ETA         : 2:28:26 (36 epochs left)
  └─────────────────────────────────────────────────


──────────────────────────────────────────────────────────────────────
  Epoch 45 started at 16:46:12
──────────────────────────────────────────────────────────────────────
  Epoch 45/80  Step 0/1260  loss=0.2956  ce=0.4218  ctc=0.0013  lr=1.35e-04
  Epoch 45/80  Step 50/1260  loss=0.2962  ce=0.4218  ctc=0.0033  lr=1.35e-04
  Epoch 45/80  Step 100/1260  loss=0.2957  ce=0.4223  ctc=0.0004  lr=1.35e-04
  Epoch 45/80  Step 150/1260  loss=0.3001  ce=0.4266  ctc=0.0050  lr=1.34e-04
  Epoch 45/80  Step 200/1260  loss=0.2950  ce=0.4213  ctc=0.0003  lr=1.34e-04
  [GPU] Mem: 547MB / 25417MB (2.2%) | Peak: 2576MB
  Epoch 45/80  Step 250/1260  loss=0.3076  ce=0.4258  ctc=0.0317  lr=1.34e-04
  Epoch 45/80  Step 300/1260  loss=0.3183  ce=0.4316  ctc=0.0541  lr=1.34e-04
  Epoch 45/80  Step 350/1260  loss=0.2951  ce=0.4211  ctc=0.0012  lr=1.34e-04
  Epoch 45/80  Step 400/1260  loss=0.2949  ce=0.4210  ctc=0.0005  lr=1.33e-04
  [GPU] Mem: 547MB / 25417MB (2.2%) | Peak: 2576MB
  Epoch 45/80  Step 450/1260  loss=0.2952  ce=0.4215  ctc=0.0007  lr=1.33e-04
  Epoch 45/80  Step 500/1260  loss=0.2958  ce=0.4214  ctc=0.0027  lr=1.33e-04
  Epoch 45/80  Step 550/1260  loss=0.2952  ce=0.4213  ctc=0.0009  lr=1.33e-04
  Epoch 45/80  Step 600/1260  loss=0.3002  ce=0.4218  ctc=0.0163  lr=1.32e-04
  [GPU] Mem: 548MB / 25417MB (2.2%) | Peak: 2576MB
  Epoch 45/80  Step 650/1260  loss=0.2956  ce=0.4221  ctc=0.0004  lr=1.32e-04
  Epoch 45/80  Step 700/1260  loss=0.2962  ce=0.4214  ctc=0.0040  lr=1.32e-04
  Epoch 45/80  Step 750/1260  loss=0.2955  ce=0.4220  ctc=0.0003  lr=1.32e-04
  Epoch 45/80  Step 800/1260  loss=0.2955  ce=0.4211  ctc=0.0023  lr=1.31e-04
  [GPU] Mem: 542MB / 25417MB (2.1%) | Peak: 2576MB
  Epoch 45/80  Step 850/1260  loss=0.2960  ce=0.4215  ctc=0.0033  lr=1.31e-04
  Epoch 45/80  Step 900/1260  loss=0.2972  ce=0.4227  ctc=0.0044  lr=1.31e-04
  Epoch 45/80  Step 950/1260  loss=0.2949  ce=0.4211  ctc=0.0004  lr=1.31e-04
  Epoch 45/80  Step 1000/1260  loss=0.2962  ce=0.4215  ctc=0.0037  lr=1.30e-04
  [GPU] Mem: 545MB / 25417MB (2.1%) | Peak: 2576MB
  Epoch 45/80  Step 1050/1260  loss=0.2958  ce=0.4213  ctc=0.0031  lr=1.30e-04
  Epoch 45/80  Step 1100/1260  loss=0.2949  ce=0.4212  ctc=0.0003  lr=1.30e-04
  Epoch 45/80  Step 1150/1260  loss=0.2999  ce=0.4245  ctc=0.0092  lr=1.30e-04
  Epoch 45/80  Step 1200/1260  loss=0.2949  ce=0.4211  ctc=0.0004  lr=1.29e-04
  [GPU] Mem: 547MB / 25417MB (2.2%) | Peak: 2576MB
  Epoch 45/80  Step 1250/1260  loss=0.3003  ce=0.4258  ctc=0.0073  lr=1.29e-04
[Epoch 45] avg_loss=0.2994  time=154s
  [Val epoch 45 (constrained)] loss=0.4570  CER=0.0322  WER=0.1935  avg_pred_len=8.7
  [Val epoch 45 (unconstrained)] loss=0.4570  CER=0.0311  WER=0.1927  avg_pred_len=8.7
  [Checkpoint] epoch=45  val_cer=0.0311  best=0.0271

  Disk usage:
        best.pt     358.4 MB
     current.pt     358.4 MB
    previous.pt     358.4 MB
       TOTAL         1075.3 MB


  ┌── Epoch 45 Summary ──────────────────────────
  │ Train Loss  : 0.2994
  │ Val CER     : 0.0311 (3.11%)
  │ Epoch Time  : 233s (0:03:53)
  │ Speed       : 345.5 samples/sec
  │ GPU Memory  : 542MB (peak: 2576MB)
  │ Total Time  : 3:05:19
  │ ETA         : 2:24:08 (35 epochs left)
  └─────────────────────────────────────────────────


──────────────────────────────────────────────────────────────────────
  Epoch 46 started at 16:50:05
──────────────────────────────────────────────────────────────────────
  Epoch 46/80  Step 0/1260  loss=0.2986  ce=0.4263  ctc=0.0005  lr=1.29e-04
  Epoch 46/80  Step 50/1260  loss=0.2953  ce=0.4213  ctc=0.0013  lr=1.29e-04
  Epoch 46/80  Step 100/1260  loss=0.2995  ce=0.4253  ctc=0.0061  lr=1.29e-04
  Epoch 46/80  Step 150/1260  loss=0.2980  ce=0.4251  ctc=0.0016  lr=1.28e-04
  Epoch 46/80  Step 200/1260  loss=0.2972  ce=0.4225  ctc=0.0048  lr=1.28e-04
  [GPU] Mem: 548MB / 25417MB (2.2%) | Peak: 2576MB
  Epoch 46/80  Step 250/1260  loss=0.2956  ce=0.4214  ctc=0.0022  lr=1.28e-04
  Epoch 46/80  Step 300/1260  loss=0.3152  ce=0.4287  ctc=0.0503  lr=1.28e-04
  Epoch 46/80  Step 350/1260  loss=0.2952  ce=0.4214  ctc=0.0007  lr=1.27e-04
  Epoch 46/80  Step 400/1260  loss=0.2952  ce=0.4215  ctc=0.0005  lr=1.27e-04
  [GPU] Mem: 542MB / 25417MB (2.1%) | Peak: 2576MB
  Epoch 46/80  Step 450/1260  loss=0.3054  ce=0.4303  ctc=0.0138  lr=1.27e-04
  Epoch 46/80  Step 500/1260  loss=0.2949  ce=0.4211  ctc=0.0004  lr=1.27e-04
  Epoch 46/80  Step 550/1260  loss=0.2950  ce=0.4212  ctc=0.0006  lr=1.26e-04
  Epoch 46/80  Step 600/1260  loss=0.2956  ce=0.4218  ctc=0.0010  lr=1.26e-04
  [GPU] Mem: 548MB / 25417MB (2.2%) | Peak: 2576MB
  Epoch 46/80  Step 650/1260  loss=0.2948  ce=0.4211  ctc=0.0001  lr=1.26e-04
  Epoch 46/80  Step 700/1260  loss=0.2948  ce=0.4210  ctc=0.0003  lr=1.26e-04
  Epoch 46/80  Step 750/1260  loss=0.2952  ce=0.4214  ctc=0.0009  lr=1.26e-04
  Epoch 46/80  Step 800/1260  loss=0.2952  ce=0.4216  ctc=0.0004  lr=1.25e-04
  [GPU] Mem: 548MB / 25417MB (2.2%) | Peak: 2576MB
  Epoch 46/80  Step 850/1260  loss=0.2968  ce=0.4229  ctc=0.0027  lr=1.25e-04
  Epoch 46/80  Step 900/1260  loss=0.2947  ce=0.4209  ctc=0.0002  lr=1.25e-04
  Epoch 46/80  Step 950/1260  loss=0.2948  ce=0.4211  ctc=0.0003  lr=1.25e-04
  Epoch 46/80  Step 1000/1260  loss=0.3044  ce=0.4301  ctc=0.0111  lr=1.24e-04
  [GPU] Mem: 548MB / 25417MB (2.2%) | Peak: 2576MB
  Epoch 46/80  Step 1050/1260  loss=0.3042  ce=0.4263  ctc=0.0193  lr=1.24e-04
  Epoch 46/80  Step 1100/1260  loss=0.2964  ce=0.4231  ctc=0.0009  lr=1.24e-04
  Epoch 46/80  Step 1150/1260  loss=0.2949  ce=0.4211  ctc=0.0004  lr=1.24e-04
  Epoch 46/80  Step 1200/1260  loss=0.2952  ce=0.4212  ctc=0.0013  lr=1.23e-04
  [GPU] Mem: 544MB / 25417MB (2.1%) | Peak: 2576MB
  Epoch 46/80  Step 1250/1260  loss=0.3005  ce=0.4263  ctc=0.0071  lr=1.23e-04
[Epoch 46] avg_loss=0.2989  time=153s
  [Val epoch 46 (constrained)] loss=0.4427  CER=0.0295  WER=0.1849  avg_pred_len=8.7
  [Val epoch 46 (unconstrained)] loss=0.4427  CER=0.0290  WER=0.1846  avg_pred_len=8.7
  [Checkpoint] epoch=46  val_cer=0.0290  best=0.0271

  ┌── Epoch 46 Summary ──────────────────────────
  │ Train Loss  : 0.2989
  │ Val CER     : 0.0290 (2.90%)
  │ Epoch Time  : 233s (0:03:52)
  │ Speed       : 346.5 samples/sec
  │ GPU Memory  : 546MB (peak: 2576MB)
  │ Total Time  : 3:09:12
  │ ETA         : 2:19:50 (34 epochs left)
  └─────────────────────────────────────────────────


──────────────────────────────────────────────────────────────────────
  Epoch 47 started at 16:53:58
──────────────────────────────────────────────────────────────────────
  Epoch 47/80  Step 0/1260  loss=0.2945  ce=0.4207  ctc=0.0002  lr=1.23e-04
  Epoch 47/80  Step 50/1260  loss=0.2961  ce=0.4224  ctc=0.0014  lr=1.23e-04
  Epoch 47/80  Step 100/1260  loss=0.2988  ce=0.4223  ctc=0.0105  lr=1.23e-04
  Epoch 47/80  Step 150/1260  loss=0.2956  ce=0.4216  ctc=0.0016  lr=1.22e-04
  Epoch 47/80  Step 200/1260  loss=0.2991  ce=0.4269  ctc=0.0009  lr=1.22e-04
  [GPU] Mem: 548MB / 25417MB (2.2%) | Peak: 2576MB
  Epoch 47/80  Step 250/1260  loss=0.2948  ce=0.4211  ctc=0.0002  lr=1.22e-04
  Epoch 47/80  Step 300/1260  loss=0.2959  ce=0.4223  ctc=0.0009  lr=1.22e-04
  Epoch 47/80  Step 350/1260  loss=0.2947  ce=0.4209  ctc=0.0001  lr=1.21e-04
  Epoch 47/80  Step 400/1260  loss=0.2984  ce=0.4242  ctc=0.0048  lr=1.21e-04
  [GPU] Mem: 548MB / 25417MB (2.2%) | Peak: 2576MB
  Epoch 47/80  Step 450/1260  loss=0.3031  ce=0.4285  ctc=0.0104  lr=1.21e-04
  Epoch 47/80  Step 500/1260  loss=0.2955  ce=0.4218  ctc=0.0008  lr=1.21e-04
  Epoch 47/80  Step 550/1260  loss=0.2948  ce=0.4210  ctc=0.0001  lr=1.20e-04
  Epoch 47/80  Step 600/1260  loss=0.2948  ce=0.4209  ctc=0.0005  lr=1.20e-04
  [GPU] Mem: 546MB / 25417MB (2.1%) | Peak: 2576MB
  Epoch 47/80  Step 650/1260  loss=0.2954  ce=0.4217  ctc=0.0007  lr=1.20e-04
  Epoch 47/80  Step 700/1260  loss=0.2949  ce=0.4210  ctc=0.0008  lr=1.20e-04
  Epoch 47/80  Step 750/1260  loss=0.2951  ce=0.4210  ctc=0.0015  lr=1.19e-04
  Epoch 47/80  Step 800/1260  loss=0.3202  ce=0.4338  ctc=0.0552  lr=1.19e-04
  [GPU] Mem: 548MB / 25417MB (2.2%) | Peak: 2576MB
  Epoch 47/80  Step 850/1260  loss=0.3162  ce=0.4337  ctc=0.0422  lr=1.19e-04
  Epoch 47/80  Step 900/1260  loss=0.2969  ce=0.4219  ctc=0.0053  lr=1.19e-04
  Epoch 47/80  Step 950/1260  loss=0.2950  ce=0.4211  ctc=0.0009  lr=1.19e-04
  Epoch 47/80  Step 1000/1260  loss=0.2978  ce=0.4216  ctc=0.0089  lr=1.18e-04
  [GPU] Mem: 544MB / 25417MB (2.1%) | Peak: 2576MB
  Epoch 47/80  Step 1050/1260  loss=0.2950  ce=0.4211  ctc=0.0008  lr=1.18e-04
  Epoch 47/80  Step 1100/1260  loss=0.2962  ce=0.4228  ctc=0.0008  lr=1.18e-04
  Epoch 47/80  Step 1150/1260  loss=0.3026  ce=0.4314  ctc=0.0021  lr=1.18e-04
  Epoch 47/80  Step 1200/1260  loss=0.2946  ce=0.4208  ctc=0.0001  lr=1.17e-04
  [GPU] Mem: 546MB / 25417MB (2.1%) | Peak: 2576MB
  Epoch 47/80  Step 1250/1260  loss=0.2950  ce=0.4210  ctc=0.0011  lr=1.17e-04
[Epoch 47] avg_loss=0.2987  time=153s
  [Val epoch 47 (constrained)] loss=0.4416  CER=0.0298  WER=0.1874  avg_pred_len=8.7
  [Val epoch 47 (unconstrained)] loss=0.4416  CER=0.0291  WER=0.1868  avg_pred_len=8.7
  [Checkpoint] epoch=47  val_cer=0.0291  best=0.0271

  ┌── Epoch 47 Summary ──────────────────────────
  │ Train Loss  : 0.2987
  │ Val CER     : 0.0291 (2.91%)
  │ Epoch Time  : 233s (0:03:52)
  │ Speed       : 346.7 samples/sec
  │ GPU Memory  : 546MB (peak: 2576MB)
  │ Total Time  : 3:13:05
  │ ETA         : 2:15:33 (33 epochs left)
  └─────────────────────────────────────────────────


──────────────────────────────────────────────────────────────────────
  Epoch 48 started at 16:57:51
──────────────────────────────────────────────────────────────────────
  Epoch 48/80  Step 0/1260  loss=0.3001  ce=0.4254  ctc=0.0076  lr=1.17e-04
  Epoch 48/80  Step 50/1260  loss=0.2949  ce=0.4210  ctc=0.0008  lr=1.17e-04
  Epoch 48/80  Step 100/1260  loss=0.2953  ce=0.4219  ctc=0.0001  lr=1.17e-04
  Epoch 48/80  Step 150/1260  loss=0.2949  ce=0.4212  ctc=0.0001  lr=1.16e-04
  Epoch 48/80  Step 200/1260  loss=0.2955  ce=0.4211  ctc=0.0025  lr=1.16e-04
  [GPU] Mem: 546MB / 25417MB (2.1%) | Peak: 2576MB
  Epoch 48/80  Step 250/1260  loss=0.2959  ce=0.4226  ctc=0.0002  lr=1.16e-04
  Epoch 48/80  Step 300/1260  loss=0.2948  ce=0.4210  ctc=0.0005  lr=1.16e-04
  Epoch 48/80  Step 350/1260  loss=0.2957  ce=0.4218  ctc=0.0015  lr=1.15e-04
  Epoch 48/80  Step 400/1260  loss=0.2958  ce=0.4218  ctc=0.0017  lr=1.15e-04
  [GPU] Mem: 547MB / 25417MB (2.2%) | Peak: 2576MB
  Epoch 48/80  Step 450/1260  loss=0.2947  ce=0.4209  ctc=0.0003  lr=1.15e-04
  Epoch 48/80  Step 500/1260  loss=0.2946  ce=0.4208  ctc=0.0002  lr=1.15e-04
  Epoch 48/80  Step 550/1260  loss=0.3289  ce=0.4348  ctc=0.0819  lr=1.14e-04
  Epoch 48/80  Step 600/1260  loss=0.3192  ce=0.4352  ctc=0.0485  lr=1.14e-04
  [GPU] Mem: 548MB / 25417MB (2.2%) | Peak: 2576MB
  Epoch 48/80  Step 650/1260  loss=0.2946  ce=0.4208  ctc=0.0001  lr=1.14e-04
  Epoch 48/80  Step 700/1260  loss=0.2949  ce=0.4211  ctc=0.0006  lr=1.14e-04
  Epoch 48/80  Step 750/1260  loss=0.2949  ce=0.4210  ctc=0.0007  lr=1.14e-04
  Epoch 48/80  Step 800/1260  loss=0.2991  ce=0.4270  ctc=0.0006  lr=1.13e-04
  [GPU] Mem: 548MB / 25417MB (2.2%) | Peak: 2576MB
  Epoch 48/80  Step 850/1260  loss=0.2972  ce=0.4216  ctc=0.0070  lr=1.13e-04
  Epoch 48/80  Step 900/1260  loss=0.2951  ce=0.4211  ctc=0.0011  lr=1.13e-04
  Epoch 48/80  Step 950/1260  loss=0.2999  ce=0.4245  ctc=0.0092  lr=1.13e-04
  Epoch 48/80  Step 1000/1260  loss=0.3021  ce=0.4275  ctc=0.0094  lr=1.12e-04
  [GPU] Mem: 543MB / 25417MB (2.1%) | Peak: 2576MB
  Epoch 48/80  Step 1050/1260  loss=0.3022  ce=0.4302  ctc=0.0037  lr=1.12e-04
  Epoch 48/80  Step 1100/1260  loss=0.2950  ce=0.4208  ctc=0.0014  lr=1.12e-04
  Epoch 48/80  Step 1150/1260  loss=0.2947  ce=0.4210  ctc=0.0002  lr=1.12e-04
  Epoch 48/80  Step 1200/1260  loss=0.3062  ce=0.4316  ctc=0.0135  lr=1.11e-04
  [GPU] Mem: 542MB / 25417MB (2.1%) | Peak: 2576MB
  Epoch 48/80  Step 1250/1260  loss=0.2950  ce=0.4209  ctc=0.0013  lr=1.11e-04
[Epoch 48] avg_loss=0.2983  time=154s
  [Val epoch 48 (constrained)] loss=0.4367  CER=0.0284  WER=0.1733  avg_pred_len=8.7
  [Val epoch 48 (unconstrained)] loss=0.4367  CER=0.0276  WER=0.1729  avg_pred_len=8.7
  [Checkpoint] epoch=48  val_cer=0.0276  best=0.0271

  ┌── Epoch 48 Summary ──────────────────────────
  │ Train Loss  : 0.2983
  │ Val CER     : 0.0276 (2.76%)
  │ Epoch Time  : 233s (0:03:53)
  │ Speed       : 345.4 samples/sec
  │ GPU Memory  : 547MB (peak: 2576MB)
  │ Total Time  : 3:16:58
  │ ETA         : 2:11:18 (32 epochs left)
  └─────────────────────────────────────────────────


──────────────────────────────────────────────────────────────────────
  Epoch 49 started at 17:01:44
──────────────────────────────────────────────────────────────────────
  Epoch 49/80  Step 0/1260  loss=0.2956  ce=0.4208  ctc=0.0035  lr=1.11e-04
  Epoch 49/80  Step 50/1260  loss=0.2953  ce=0.4212  ctc=0.0017  lr=1.11e-04
  Epoch 49/80  Step 100/1260  loss=0.2946  ce=0.4207  ctc=0.0002  lr=1.11e-04
  Epoch 49/80  Step 150/1260  loss=0.3095  ce=0.4271  ctc=0.0349  lr=1.10e-04
  Epoch 49/80  Step 200/1260  loss=0.2949  ce=0.4211  ctc=0.0004  lr=1.10e-04
  [GPU] Mem: 544MB / 25417MB (2.1%) | Peak: 2576MB
  Epoch 49/80  Step 250/1260  loss=0.2956  ce=0.4217  ctc=0.0014  lr=1.10e-04
  Epoch 49/80  Step 300/1260  loss=0.2950  ce=0.4214  ctc=0.0002  lr=1.10e-04
  Epoch 49/80  Step 350/1260  loss=0.2952  ce=0.4215  ctc=0.0005  lr=1.09e-04
  Epoch 49/80  Step 400/1260  loss=0.2956  ce=0.4217  ctc=0.0012  lr=1.09e-04
  [GPU] Mem: 548MB / 25417MB (2.2%) | Peak: 2576MB
  Epoch 49/80  Step 450/1260  loss=0.2956  ce=0.4217  ctc=0.0013  lr=1.09e-04
  Epoch 49/80  Step 500/1260  loss=0.2954  ce=0.4214  ctc=0.0016  lr=1.09e-04
  Epoch 49/80  Step 550/1260  loss=0.2972  ce=0.4215  ctc=0.0074  lr=1.09e-04
  Epoch 49/80  Step 600/1260  loss=0.2956  ce=0.4218  ctc=0.0012  lr=1.08e-04
  [GPU] Mem: 544MB / 25417MB (2.1%) | Peak: 2576MB
  Epoch 49/80  Step 650/1260  loss=0.2947  ce=0.4208  ctc=0.0002  lr=1.08e-04
  Epoch 49/80  Step 700/1260  loss=0.3082  ce=0.4256  ctc=0.0343  lr=1.08e-04
  Epoch 49/80  Step 750/1260  loss=0.2950  ce=0.4212  ctc=0.0005  lr=1.08e-04
  Epoch 49/80  Step 800/1260  loss=0.2957  ce=0.4212  ctc=0.0029  lr=1.07e-04
  [GPU] Mem: 546MB / 25417MB (2.1%) | Peak: 2576MB
  Epoch 49/80  Step 850/1260  loss=0.2976  ce=0.4222  ctc=0.0070  lr=1.07e-04
  Epoch 49/80  Step 900/1260  loss=0.2949  ce=0.4209  ctc=0.0009  lr=1.07e-04
  Epoch 49/80  Step 950/1260  loss=0.2955  ce=0.4210  ctc=0.0028  lr=1.07e-04
  Epoch 49/80  Step 1000/1260  loss=0.2983  ce=0.4242  ctc=0.0044  lr=1.06e-04
  [GPU] Mem: 546MB / 25417MB (2.1%) | Peak: 2576MB
  Epoch 49/80  Step 1050/1260  loss=0.2960  ce=0.4224  ctc=0.0010  lr=1.06e-04
  Epoch 49/80  Step 1100/1260  loss=0.2953  ce=0.4209  ctc=0.0023  lr=1.06e-04
  Epoch 49/80  Step 1150/1260  loss=0.2958  ce=0.4212  ctc=0.0033  lr=1.06e-04
  Epoch 49/80  Step 1200/1260  loss=0.2946  ce=0.4206  ctc=0.0005  lr=1.05e-04
  [GPU] Mem: 548MB / 25417MB (2.2%) | Peak: 2576MB
  Epoch 49/80  Step 1250/1260  loss=0.2949  ce=0.4210  ctc=0.0005  lr=1.05e-04
[Epoch 49] avg_loss=0.2979  time=155s
  [Val epoch 49 (constrained)] loss=0.4502  CER=0.0306  WER=0.1893  avg_pred_len=8.7
  [Val epoch 49 (unconstrained)] loss=0.4502  CER=0.0300  WER=0.1892  avg_pred_len=8.7
  [Checkpoint] epoch=49  val_cer=0.0300  best=0.0271

  ┌── Epoch 49 Summary ──────────────────────────
  │ Train Loss  : 0.2979
  │ Val CER     : 0.0300 (3.00%)
  │ Epoch Time  : 235s (0:03:54)
  │ Speed       : 343.9 samples/sec
  │ GPU Memory  : 548MB (peak: 2576MB)
  │ Total Time  : 3:20:53
  │ ETA         : 2:07:05 (31 epochs left)
  └─────────────────────────────────────────────────


──────────────────────────────────────────────────────────────────────
  Epoch 50 started at 17:05:39
──────────────────────────────────────────────────────────────────────
  Epoch 50/80  Step 0/1260  loss=0.2959  ce=0.4213  ctc=0.0035  lr=1.05e-04
  Epoch 50/80  Step 50/1260  loss=0.2950  ce=0.4213  ctc=0.0003  lr=1.05e-04
  Epoch 50/80  Step 100/1260  loss=0.2949  ce=0.4209  ctc=0.0008  lr=1.05e-04
  Epoch 50/80  Step 150/1260  loss=0.2946  ce=0.4208  ctc=0.0001  lr=1.05e-04
  Epoch 50/80  Step 200/1260  loss=0.2945  ce=0.4207  ctc=0.0001  lr=1.04e-04
  [GPU] Mem: 548MB / 25417MB (2.2%) | Peak: 2576MB
  Epoch 50/80  Step 250/1260  loss=0.2945  ce=0.4207  ctc=0.0001  lr=1.04e-04
  Epoch 50/80  Step 300/1260  loss=0.2963  ce=0.4218  ctc=0.0037  lr=1.04e-04
  Epoch 50/80  Step 350/1260  loss=0.2954  ce=0.4212  ctc=0.0017  lr=1.04e-04
  Epoch 50/80  Step 400/1260  loss=0.2949  ce=0.4212  ctc=0.0003  lr=1.03e-04
  [GPU] Mem: 548MB / 25417MB (2.2%) | Peak: 2576MB
  Epoch 50/80  Step 450/1260  loss=0.3006  ce=0.4268  ctc=0.0060  lr=1.03e-04
  Epoch 50/80  Step 500/1260  loss=0.2964  ce=0.4215  ctc=0.0048  lr=1.03e-04
  Epoch 50/80  Step 550/1260  loss=0.3003  ce=0.4256  ctc=0.0079  lr=1.03e-04
  Epoch 50/80  Step 600/1260  loss=0.2945  ce=0.4206  ctc=0.0001  lr=1.02e-04
  [GPU] Mem: 548MB / 25417MB (2.2%) | Peak: 2576MB
  Epoch 50/80  Step 650/1260  loss=0.2954  ce=0.4208  ctc=0.0028  lr=1.02e-04
  Epoch 50/80  Step 700/1260  loss=0.2946  ce=0.4208  ctc=0.0002  lr=1.02e-04
  Epoch 50/80  Step 750/1260  loss=0.2952  ce=0.4211  ctc=0.0016  lr=1.02e-04
  Epoch 50/80  Step 800/1260  loss=0.2949  ce=0.4212  ctc=0.0002  lr=1.02e-04
  [GPU] Mem: 546MB / 25417MB (2.1%) | Peak: 2576MB
  Epoch 50/80  Step 850/1260  loss=0.2947  ce=0.4208  ctc=0.0005  lr=1.01e-04
  Epoch 50/80  Step 900/1260  loss=0.3004  ce=0.4261  ctc=0.0072  lr=1.01e-04
  Epoch 50/80  Step 950/1260  loss=0.2953  ce=0.4212  ctc=0.0017  lr=1.01e-04
  Epoch 50/80  Step 1000/1260  loss=0.2951  ce=0.4207  ctc=0.0018  lr=1.01e-04
  [GPU] Mem: 546MB / 25417MB (2.1%) | Peak: 2576MB
  Epoch 50/80  Step 1050/1260  loss=0.2963  ce=0.4228  ctc=0.0011  lr=1.00e-04
  Epoch 50/80  Step 1100/1260  loss=0.3145  ce=0.4283  ctc=0.0490  lr=1.00e-04
  Epoch 50/80  Step 1150/1260  loss=0.2945  ce=0.4207  ctc=0.0002  lr=9.99e-05
  Epoch 50/80  Step 1200/1260  loss=0.2952  ce=0.4215  ctc=0.0004  lr=9.97e-05
  [GPU] Mem: 544MB / 25417MB (2.1%) | Peak: 2576MB
  Epoch 50/80  Step 1250/1260  loss=0.2971  ce=0.4243  ctc=0.0002  lr=9.95e-05
[Epoch 50] avg_loss=0.2977  time=155s
  [Val epoch 50 (constrained)] loss=0.4393  CER=0.0289  WER=0.1830  avg_pred_len=8.7
  [Val epoch 50 (unconstrained)] loss=0.4393  CER=0.0283  WER=0.1824  avg_pred_len=8.7
  [Checkpoint] epoch=50  val_cer=0.0283  best=0.0271

  Disk usage:
        best.pt     358.4 MB
     current.pt     358.4 MB
    previous.pt     358.4 MB
       TOTAL         1075.3 MB


  ┌── Epoch 50 Summary ──────────────────────────
  │ Train Loss  : 0.2977
  │ Val CER     : 0.0283 (2.83%)
  │ Epoch Time  : 235s (0:03:54)
  │ Speed       : 343.5 samples/sec
  │ GPU Memory  : 546MB (peak: 2576MB)
  │ Total Time  : 3:24:48
  │ ETA         : 2:02:52 (30 epochs left)
  └─────────────────────────────────────────────────


──────────────────────────────────────────────────────────────────────
  Epoch 51 started at 17:09:33
──────────────────────────────────────────────────────────────────────
  Epoch 51/80  Step 0/1260  loss=0.2964  ce=0.4233  ctc=0.0003  lr=9.94e-05
  Epoch 51/80  Step 50/1260  loss=0.2947  ce=0.4209  ctc=0.0003  lr=9.92e-05
  Epoch 51/80  Step 100/1260  loss=0.2991  ce=0.4265  ctc=0.0018  lr=9.89e-05
  Epoch 51/80  Step 150/1260  loss=0.2962  ce=0.4223  ctc=0.0019  lr=9.87e-05
  Epoch 51/80  Step 200/1260  loss=0.2949  ce=0.4211  ctc=0.0004  lr=9.85e-05
  [GPU] Mem: 547MB / 25417MB (2.2%) | Peak: 2576MB
  Epoch 51/80  Step 250/1260  loss=0.2948  ce=0.4210  ctc=0.0002  lr=9.83e-05
  Epoch 51/80  Step 300/1260  loss=0.2947  ce=0.4209  ctc=0.0002  lr=9.80e-05
  Epoch 51/80  Step 350/1260  loss=0.3023  ce=0.4256  ctc=0.0148  lr=9.78e-05
  Epoch 51/80  Step 400/1260  loss=0.2957  ce=0.4222  ctc=0.0003  lr=9.76e-05
  [GPU] Mem: 548MB / 25417MB (2.2%) | Peak: 2576MB
  Epoch 51/80  Step 450/1260  loss=0.2970  ce=0.4232  ctc=0.0024  lr=9.73e-05
  Epoch 51/80  Step 500/1260  loss=0.2950  ce=0.4212  ctc=0.0006  lr=9.71e-05
  Epoch 51/80  Step 550/1260  loss=0.2948  ce=0.4207  ctc=0.0011  lr=9.69e-05
  Epoch 51/80  Step 600/1260  loss=0.2969  ce=0.4217  ctc=0.0057  lr=9.67e-05
  [GPU] Mem: 547MB / 25417MB (2.2%) | Peak: 2576MB
  Epoch 51/80  Step 650/1260  loss=0.2945  ce=0.4206  ctc=0.0003  lr=9.64e-05
  Epoch 51/80  Step 700/1260  loss=0.2944  ce=0.4205  ctc=0.0002  lr=9.62e-05
  Epoch 51/80  Step 750/1260  loss=0.2951  ce=0.4212  ctc=0.0009  lr=9.60e-05
  Epoch 51/80  Step 800/1260  loss=0.2946  ce=0.4207  ctc=0.0002  lr=9.58e-05
  [GPU] Mem: 548MB / 25417MB (2.2%) | Peak: 2576MB
  Epoch 51/80  Step 850/1260  loss=0.3047  ce=0.4255  ctc=0.0229  lr=9.55e-05
  Epoch 51/80  Step 900/1260  loss=0.2974  ce=0.4247  ctc=0.0005  lr=9.53e-05
  Epoch 51/80  Step 950/1260  loss=0.3142  ce=0.4347  ctc=0.0331  lr=9.51e-05
  Epoch 51/80  Step 1000/1260  loss=0.3060  ce=0.4311  ctc=0.0139  lr=9.48e-05
  [GPU] Mem: 546MB / 25417MB (2.1%) | Peak: 2576MB
  Epoch 51/80  Step 1050/1260  loss=0.2946  ce=0.4205  ctc=0.0008  lr=9.46e-05
  Epoch 51/80  Step 1100/1260  loss=0.2954  ce=0.4207  ctc=0.0030  lr=9.44e-05
  Epoch 51/80  Step 1150/1260  loss=0.2946  ce=0.4207  ctc=0.0004  lr=9.42e-05
  Epoch 51/80  Step 1200/1260  loss=0.3123  ce=0.4267  ctc=0.0454  lr=9.39e-05
  [GPU] Mem: 543MB / 25417MB (2.1%) | Peak: 2576MB
  Epoch 51/80  Step 1250/1260  loss=0.2952  ce=0.4216  ctc=0.0004  lr=9.37e-05
[Epoch 51] avg_loss=0.2974  time=153s
  [Val epoch 51 (constrained)] loss=0.4406  CER=0.0286  WER=0.1801  avg_pred_len=8.8
  [Val epoch 51 (unconstrained)] loss=0.4406  CER=0.0281  WER=0.1794  avg_pred_len=8.8
  [Checkpoint] epoch=51  val_cer=0.0281  best=0.0271

  ┌── Epoch 51 Summary ──────────────────────────
  │ Train Loss  : 0.2974
  │ Val CER     : 0.0281 (2.81%)
  │ Epoch Time  : 233s (0:03:52)
  │ Speed       : 346.1 samples/sec
  │ GPU Memory  : 547MB (peak: 2576MB)
  │ Total Time  : 3:28:41
  │ ETA         : 1:58:39 (29 epochs left)
  └─────────────────────────────────────────────────


──────────────────────────────────────────────────────────────────────
  Epoch 52 started at 17:13:26
──────────────────────────────────────────────────────────────────────
  Epoch 52/80  Step 0/1260  loss=0.2959  ce=0.4211  ctc=0.0037  lr=9.37e-05
  Epoch 52/80  Step 50/1260  loss=0.3019  ce=0.4217  ctc=0.0224  lr=9.34e-05
  Epoch 52/80  Step 100/1260  loss=0.2947  ce=0.4206  ctc=0.0008  lr=9.32e-05
  Epoch 52/80  Step 150/1260  loss=0.2970  ce=0.4214  ctc=0.0069  lr=9.30e-05
  Epoch 52/80  Step 200/1260  loss=0.2945  ce=0.4206  ctc=0.0003  lr=9.28e-05
  [GPU] Mem: 546MB / 25417MB (2.1%) | Peak: 2576MB
  Epoch 52/80  Step 250/1260  loss=0.2945  ce=0.4206  ctc=0.0004  lr=9.25e-05
  Epoch 52/80  Step 300/1260  loss=0.2950  ce=0.4209  ctc=0.0011  lr=9.23e-05
  Epoch 52/80  Step 350/1260  loss=0.2945  ce=0.4205  ctc=0.0004  lr=9.21e-05
  Epoch 52/80  Step 400/1260  loss=0.3022  ce=0.4280  ctc=0.0085  lr=9.19e-05
  [GPU] Mem: 546MB / 25417MB (2.1%) | Peak: 2576MB
  Epoch 52/80  Step 450/1260  loss=0.3024  ce=0.4289  ctc=0.0071  lr=9.16e-05
  Epoch 52/80  Step 500/1260  loss=0.3130  ce=0.4291  ctc=0.0422  lr=9.14e-05
  Epoch 52/80  Step 550/1260  loss=0.2944  ce=0.4205  ctc=0.0001  lr=9.12e-05
  Epoch 52/80  Step 600/1260  loss=0.2945  ce=0.4206  ctc=0.0003  lr=9.10e-05
  [GPU] Mem: 548MB / 25417MB (2.2%) | Peak: 2576MB
  Epoch 52/80  Step 650/1260  loss=0.2945  ce=0.4207  ctc=0.0002  lr=9.08e-05
  Epoch 52/80  Step 700/1260  loss=0.2947  ce=0.4206  ctc=0.0009  lr=9.05e-05
  Epoch 52/80  Step 750/1260  loss=0.2943  ce=0.4204  ctc=0.0001  lr=9.03e-05
  Epoch 52/80  Step 800/1260  loss=0.2944  ce=0.4205  ctc=0.0002  lr=9.01e-05
  [GPU] Mem: 542MB / 25417MB (2.1%) | Peak: 2576MB
  Epoch 52/80  Step 850/1260  loss=0.3117  ce=0.4248  ctc=0.0478  lr=8.99e-05
  Epoch 52/80  Step 900/1260  loss=0.2946  ce=0.4207  ctc=0.0002  lr=8.96e-05
  Epoch 52/80  Step 950/1260  loss=0.2948  ce=0.4207  ctc=0.0010  lr=8.94e-05
  Epoch 52/80  Step 1000/1260  loss=0.3138  ce=0.4310  ctc=0.0404  lr=8.92e-05
  [GPU] Mem: 546MB / 25417MB (2.1%) | Peak: 2576MB
  Epoch 52/80  Step 1050/1260  loss=0.2954  ce=0.4210  ctc=0.0021  lr=8.90e-05
  Epoch 52/80  Step 1100/1260  loss=0.2947  ce=0.4206  ctc=0.0010  lr=8.87e-05
  Epoch 52/80  Step 1150/1260  loss=0.2956  ce=0.4211  ctc=0.0027  lr=8.85e-05
  Epoch 52/80  Step 1200/1260  loss=0.2943  ce=0.4204  ctc=0.0001  lr=8.83e-05
  [GPU] Mem: 544MB / 25417MB (2.1%) | Peak: 2576MB
  Epoch 52/80  Step 1250/1260  loss=0.2967  ce=0.4235  ctc=0.0009  lr=8.81e-05
[Epoch 52] avg_loss=0.2971  time=155s
  [Val epoch 52 (constrained)] loss=0.4406  CER=0.0278  WER=0.1764  avg_pred_len=8.7
  [Val epoch 52 (unconstrained)] loss=0.4406  CER=0.0271  WER=0.1755  avg_pred_len=8.7
  [Checkpoint] epoch=52  val_cer=0.0271  best=0.0271

  ┌── Epoch 52 Summary ──────────────────────────
  │ Train Loss  : 0.2971
  │ Val CER     : 0.0271 (2.71%)
  │ Epoch Time  : 235s (0:03:55)
  │ Speed       : 342.6 samples/sec
  │ GPU Memory  : 548MB (peak: 2576MB)
  │ Total Time  : 3:32:36
  │ ETA         : 1:54:28 (28 epochs left)
  └─────────────────────────────────────────────────


──────────────────────────────────────────────────────────────────────
  Epoch 53 started at 17:17:22
──────────────────────────────────────────────────────────────────────
  Epoch 53/80  Step 0/1260  loss=0.2946  ce=0.4208  ctc=0.0002  lr=8.80e-05
  Epoch 53/80  Step 50/1260  loss=0.2964  ce=0.4216  ctc=0.0041  lr=8.78e-05
  Epoch 53/80  Step 100/1260  loss=0.2946  ce=0.4207  ctc=0.0004  lr=8.76e-05
  Epoch 53/80  Step 150/1260  loss=0.2978  ce=0.4243  ctc=0.0028  lr=8.74e-05
  Epoch 53/80  Step 200/1260  loss=0.2948  ce=0.4210  ctc=0.0003  lr=8.72e-05
  [GPU] Mem: 542MB / 25417MB (2.1%) | Peak: 2576MB
  Epoch 53/80  Step 250/1260  loss=0.2954  ce=0.4218  ctc=0.0006  lr=8.69e-05
  Epoch 53/80  Step 300/1260  loss=0.3006  ce=0.4284  ctc=0.0025  lr=8.67e-05
  Epoch 53/80  Step 350/1260  loss=0.2948  ce=0.4210  ctc=0.0005  lr=8.65e-05
  Epoch 53/80  Step 400/1260  loss=0.2947  ce=0.4209  ctc=0.0002  lr=8.63e-05
  [GPU] Mem: 546MB / 25417MB (2.1%) | Peak: 2576MB
  Epoch 53/80  Step 450/1260  loss=0.2944  ce=0.4205  ctc=0.0001  lr=8.60e-05
  Epoch 53/80  Step 500/1260  loss=0.2943  ce=0.4204  ctc=0.0000  lr=8.58e-05
  Epoch 53/80  Step 550/1260  loss=0.2944  ce=0.4205  ctc=0.0001  lr=8.56e-05
  Epoch 53/80  Step 600/1260  loss=0.2946  ce=0.4207  ctc=0.0004  lr=8.54e-05
  [GPU] Mem: 546MB / 25417MB (2.1%) | Peak: 2576MB
  Epoch 53/80  Step 650/1260  loss=0.2944  ce=0.4205  ctc=0.0002  lr=8.52e-05
  Epoch 53/80  Step 700/1260  loss=0.2945  ce=0.4207  ctc=0.0001  lr=8.50e-05
  Epoch 53/80  Step 750/1260  loss=0.2943  ce=0.4205  ctc=0.0000  lr=8.47e-05
  Epoch 53/80  Step 800/1260  loss=0.2945  ce=0.4205  ctc=0.0005  lr=8.45e-05
  [GPU] Mem: 544MB / 25417MB (2.1%) | Peak: 2576MB
  Epoch 53/80  Step 850/1260  loss=0.3076  ce=0.4276  ctc=0.0275  lr=8.43e-05
  Epoch 53/80  Step 900/1260  loss=0.3129  ce=0.4243  ctc=0.0530  lr=8.41e-05
  Epoch 53/80  Step 950/1260  loss=0.2948  ce=0.4209  ctc=0.0007  lr=8.39e-05
  Epoch 53/80  Step 1000/1260  loss=0.2953  ce=0.4218  ctc=0.0002  lr=8.36e-05
  [GPU] Mem: 544MB / 25417MB (2.1%) | Peak: 2576MB
  Epoch 53/80  Step 1050/1260  loss=0.2946  ce=0.4207  ctc=0.0004  lr=8.34e-05
  Epoch 53/80  Step 1100/1260  loss=0.3022  ce=0.4254  ctc=0.0147  lr=8.32e-05
  Epoch 53/80  Step 1150/1260  loss=0.2944  ce=0.4205  ctc=0.0001  lr=8.30e-05
  Epoch 53/80  Step 1200/1260  loss=0.2945  ce=0.4205  ctc=0.0004  lr=8.28e-05
  [GPU] Mem: 548MB / 25417MB (2.2%) | Peak: 2576MB
  Epoch 53/80  Step 1250/1260  loss=0.3144  ce=0.4230  ctc=0.0608  lr=8.25e-05
[Epoch 53] avg_loss=0.2970  time=160s
  [Val epoch 53 (constrained)] loss=0.4283  CER=0.0260  WER=0.1653  avg_pred_len=8.7
  [Val epoch 53 (unconstrained)] loss=0.4283  CER=0.0255  WER=0.1642  avg_pred_len=8.7
  [Checkpoint] epoch=53  val_cer=0.0255  best=0.0255  ★ NEW BEST

  ┌── Epoch 53 Summary ──────────────────────────
  │ Train Loss  : 0.2970
  │ Val CER     : 0.0255 (2.55%)
  │ Epoch Time  : 243s (0:04:02)
  │ Speed       : 332.5 samples/sec
  │ GPU Memory  : 548MB (peak: 2576MB)
  │ Total Time  : 3:36:38
  │ ETA         : 1:50:21 (27 epochs left)
  └─────────────────────────────────────────────────


──────────────────────────────────────────────────────────────────────
  Epoch 54 started at 17:21:24
──────────────────────────────────────────────────────────────────────
  Epoch 54/80  Step 0/1260  loss=0.2949  ce=0.4206  ctc=0.0016  lr=8.25e-05
  Epoch 54/80  Step 50/1260  loss=0.2944  ce=0.4204  ctc=0.0002  lr=8.23e-05
  Epoch 54/80  Step 100/1260  loss=0.2946  ce=0.4205  ctc=0.0009  lr=8.21e-05
  Epoch 54/80  Step 150/1260  loss=0.2949  ce=0.4208  ctc=0.0012  lr=8.19e-05
  Epoch 54/80  Step 200/1260  loss=0.2944  ce=0.4205  ctc=0.0002  lr=8.16e-05
  [GPU] Mem: 548MB / 25417MB (2.2%) | Peak: 2576MB
  Epoch 54/80  Step 250/1260  loss=0.2952  ce=0.4216  ctc=0.0001  lr=8.14e-05
  Epoch 54/80  Step 300/1260  loss=0.2944  ce=0.4205  ctc=0.0002  lr=8.12e-05
  Epoch 54/80  Step 350/1260  loss=0.2943  ce=0.4204  ctc=0.0001  lr=8.10e-05
  Epoch 54/80  Step 400/1260  loss=0.2945  ce=0.4207  ctc=0.0001  lr=8.08e-05
  [GPU] Mem: 548MB / 25417MB (2.2%) | Peak: 2576MB
  Epoch 54/80  Step 450/1260  loss=0.3091  ce=0.4264  ctc=0.0354  lr=8.06e-05
  Epoch 54/80  Step 500/1260  loss=0.2945  ce=0.4206  ctc=0.0003  lr=8.03e-05
  Epoch 54/80  Step 550/1260  loss=0.2992  ce=0.4243  ctc=0.0075  lr=8.01e-05
  Epoch 54/80  Step 600/1260  loss=0.2943  ce=0.4205  ctc=0.0000  lr=7.99e-05
  [GPU] Mem: 548MB / 25417MB (2.2%) | Peak: 2576MB
  Epoch 54/80  Step 650/1260  loss=0.3121  ce=0.4285  ctc=0.0406  lr=7.97e-05
  Epoch 54/80  Step 700/1260  loss=0.2945  ce=0.4207  ctc=0.0002  lr=7.95e-05
  Epoch 54/80  Step 750/1260  loss=0.2976  ce=0.4206  ctc=0.0105  lr=7.93e-05
  Epoch 54/80  Step 800/1260  loss=0.2951  ce=0.4210  ctc=0.0013  lr=7.91e-05
  [GPU] Mem: 546MB / 25417MB (2.1%) | Peak: 2576MB
  Epoch 54/80  Step 850/1260  loss=0.2945  ce=0.4204  ctc=0.0008  lr=7.88e-05
  Epoch 54/80  Step 900/1260  loss=0.2980  ce=0.4237  ctc=0.0046  lr=7.86e-05
  Epoch 54/80  Step 950/1260  loss=0.2949  ce=0.4210  ctc=0.0005  lr=7.84e-05
  Epoch 54/80  Step 1000/1260  loss=0.3113  ce=0.4272  ctc=0.0409  lr=7.82e-05
  [GPU] Mem: 546MB / 25417MB (2.1%) | Peak: 2576MB
  Epoch 54/80  Step 1050/1260  loss=0.2943  ce=0.4204  ctc=0.0001  lr=7.80e-05
  Epoch 54/80  Step 1100/1260  loss=0.2954  ce=0.4206  ctc=0.0033  lr=7.78e-05
  Epoch 54/80  Step 1150/1260  loss=0.2946  ce=0.4208  ctc=0.0001  lr=7.76e-05
  Epoch 54/80  Step 1200/1260  loss=0.2943  ce=0.4204  ctc=0.0001  lr=7.73e-05
  [GPU] Mem: 548MB / 25417MB (2.2%) | Peak: 2576MB
  Epoch 54/80  Step 1250/1260  loss=0.2955  ce=0.4220  ctc=0.0002  lr=7.71e-05
[Epoch 54] avg_loss=0.2967  time=152s
  [Val epoch 54 (constrained)] loss=0.4353  CER=0.0269  WER=0.1717  avg_pred_len=8.7
  [Val epoch 54 (unconstrained)] loss=0.4353  CER=0.0261  WER=0.1711  avg_pred_len=8.7
  [Checkpoint] epoch=54  val_cer=0.0261  best=0.0255

  ┌── Epoch 54 Summary ──────────────────────────
  │ Train Loss  : 0.2967
  │ Val CER     : 0.0261 (2.61%)
  │ Epoch Time  : 232s (0:03:52)
  │ Speed       : 347.4 samples/sec
  │ GPU Memory  : 543MB (peak: 2576MB)
  │ Total Time  : 3:40:31
  │ ETA         : 1:46:10 (26 epochs left)
  └─────────────────────────────────────────────────


──────────────────────────────────────────────────────────────────────
  Epoch 55 started at 17:25:17
──────────────────────────────────────────────────────────────────────
  Epoch 55/80  Step 0/1260  loss=0.3232  ce=0.4297  ctc=0.0749  lr=7.71e-05
  Epoch 55/80  Step 50/1260  loss=0.2947  ce=0.4206  ctc=0.0009  lr=7.69e-05
  Epoch 55/80  Step 100/1260  loss=0.2942  ce=0.4203  ctc=0.0001  lr=7.67e-05
  Epoch 55/80  Step 150/1260  loss=0.2946  ce=0.4207  ctc=0.0006  lr=7.64e-05
  Epoch 55/80  Step 200/1260  loss=0.2944  ce=0.4205  ctc=0.0004  lr=7.62e-05
  [GPU] Mem: 546MB / 25417MB (2.1%) | Peak: 2576MB
  Epoch 55/80  Step 250/1260  loss=0.2963  ce=0.4208  ctc=0.0059  lr=7.60e-05
  Epoch 55/80  Step 300/1260  loss=0.3039  ce=0.4270  ctc=0.0166  lr=7.58e-05
  Epoch 55/80  Step 350/1260  loss=0.2943  ce=0.4203  ctc=0.0001  lr=7.56e-05
  Epoch 55/80  Step 400/1260  loss=0.2966  ce=0.4205  ctc=0.0075  lr=7.54e-05
  [GPU] Mem: 547MB / 25417MB (2.2%) | Peak: 2576MB
  Epoch 55/80  Step 450/1260  loss=0.2950  ce=0.4207  ctc=0.0017  lr=7.52e-05
  Epoch 55/80  Step 500/1260  loss=0.2943  ce=0.4204  ctc=0.0001  lr=7.50e-05
  Epoch 55/80  Step 550/1260  loss=0.2952  ce=0.4214  ctc=0.0006  lr=7.48e-05
  Epoch 55/80  Step 600/1260  loss=0.2944  ce=0.4205  ctc=0.0004  lr=7.45e-05
  [GPU] Mem: 547MB / 25417MB (2.2%) | Peak: 2576MB
  Epoch 55/80  Step 650/1260  loss=0.2944  ce=0.4205  ctc=0.0003  lr=7.43e-05
  Epoch 55/80  Step 700/1260  loss=0.2945  ce=0.4205  ctc=0.0005  lr=7.41e-05
  Epoch 55/80  Step 750/1260  loss=0.2944  ce=0.4205  ctc=0.0001  lr=7.39e-05
  Epoch 55/80  Step 800/1260  loss=0.2944  ce=0.4205  ctc=0.0003  lr=7.37e-05
  [GPU] Mem: 548MB / 25417MB (2.2%) | Peak: 2576MB
  Epoch 55/80  Step 850/1260  loss=0.2943  ce=0.4204  ctc=0.0001  lr=7.35e-05
  Epoch 55/80  Step 900/1260  loss=0.2944  ce=0.4205  ctc=0.0001  lr=7.33e-05
  Epoch 55/80  Step 950/1260  loss=0.2950  ce=0.4203  ctc=0.0027  lr=7.31e-05
  Epoch 55/80  Step 1000/1260  loss=0.2944  ce=0.4206  ctc=0.0001  lr=7.29e-05
  [GPU] Mem: 548MB / 25417MB (2.2%) | Peak: 2576MB
  Epoch 55/80  Step 1050/1260  loss=0.2946  ce=0.4208  ctc=0.0002  lr=7.27e-05
  Epoch 55/80  Step 1100/1260  loss=0.2951  ce=0.4207  ctc=0.0019  lr=7.25e-05
  Epoch 55/80  Step 1150/1260  loss=0.2986  ce=0.4224  ctc=0.0097  lr=7.22e-05
  Epoch 55/80  Step 1200/1260  loss=0.2944  ce=0.4204  ctc=0.0004  lr=7.20e-05
  [GPU] Mem: 548MB / 25417MB (2.2%) | Peak: 2576MB
  Epoch 55/80  Step 1250/1260  loss=0.3098  ce=0.4277  ctc=0.0349  lr=7.18e-05
[Epoch 55] avg_loss=0.2965  time=156s
  [Val epoch 55 (constrained)] loss=0.4271  CER=0.0250  WER=0.1571  avg_pred_len=8.8
  [Val epoch 55 (unconstrained)] loss=0.4271  CER=0.0242  WER=0.1563  avg_pred_len=8.8
  [Checkpoint] epoch=55  val_cer=0.0242  best=0.0242  ★ NEW BEST

  Disk usage:
        best.pt     358.4 MB
     current.pt     358.4 MB
    previous.pt     358.4 MB
       TOTAL         1075.3 MB


  ┌── Epoch 55 Summary ──────────────────────────
  │ Train Loss  : 0.2965
  │ Val CER     : 0.0242 (2.42%)
  │ Epoch Time  : 239s (0:03:59)
  │ Speed       : 337.3 samples/sec
  │ GPU Memory  : 542MB (peak: 2576MB)
  │ Total Time  : 3:44:30
  │ ETA         : 1:42:02 (25 epochs left)
  └─────────────────────────────────────────────────


──────────────────────────────────────────────────────────────────────
  Epoch 56 started at 17:29:16
──────────────────────────────────────────────────────────────────────
  Epoch 56/80  Step 0/1260  loss=0.2953  ce=0.4205  ctc=0.0033  lr=7.18e-05
  Epoch 56/80  Step 50/1260  loss=0.2943  ce=0.4204  ctc=0.0001  lr=7.16e-05
  Epoch 56/80  Step 100/1260  loss=0.2950  ce=0.4204  ctc=0.0025  lr=7.14e-05
  Epoch 56/80  Step 150/1260  loss=0.3144  ce=0.4286  ctc=0.0481  lr=7.12e-05
  Epoch 56/80  Step 200/1260  loss=0.2944  ce=0.4204  ctc=0.0003  lr=7.10e-05
  [GPU] Mem: 546MB / 25417MB (2.1%) | Peak: 2576MB
  Epoch 56/80  Step 250/1260  loss=0.3091  ce=0.4239  ctc=0.0413  lr=7.08e-05
  Epoch 56/80  Step 300/1260  loss=0.2942  ce=0.4203  ctc=0.0001  lr=7.05e-05
  Epoch 56/80  Step 350/1260  loss=0.2942  ce=0.4203  ctc=0.0001  lr=7.03e-05
  Epoch 56/80  Step 400/1260  loss=0.2946  ce=0.4207  ctc=0.0004  lr=7.01e-05
  [GPU] Mem: 548MB / 25417MB (2.2%) | Peak: 2576MB
  Epoch 56/80  Step 450/1260  loss=0.2943  ce=0.4204  ctc=0.0001  lr=6.99e-05
  Epoch 56/80  Step 500/1260  loss=0.2947  ce=0.4207  ctc=0.0006  lr=6.97e-05
  Epoch 56/80  Step 550/1260  loss=0.2955  ce=0.4220  ctc=0.0001  lr=6.95e-05
  Epoch 56/80  Step 600/1260  loss=0.2943  ce=0.4203  ctc=0.0003  lr=6.93e-05
  [GPU] Mem: 546MB / 25417MB (2.1%) | Peak: 2576MB
  Epoch 56/80  Step 650/1260  loss=0.2943  ce=0.4204  ctc=0.0001  lr=6.91e-05
  Epoch 56/80  Step 700/1260  loss=0.2944  ce=0.4205  ctc=0.0003  lr=6.89e-05
  Epoch 56/80  Step 750/1260  loss=0.2944  ce=0.4205  ctc=0.0002  lr=6.87e-05
  Epoch 56/80  Step 800/1260  loss=0.2946  ce=0.4205  ctc=0.0008  lr=6.85e-05
  [GPU] Mem: 547MB / 25417MB (2.2%) | Peak: 2576MB
  Epoch 56/80  Step 850/1260  loss=0.2991  ce=0.4273  ctc=0.0001  lr=6.83e-05
  Epoch 56/80  Step 900/1260  loss=0.3190  ce=0.4280  ctc=0.0646  lr=6.81e-05
  Epoch 56/80  Step 950/1260  loss=0.2964  ce=0.4216  ctc=0.0043  lr=6.79e-05
  Epoch 56/80  Step 1000/1260  loss=0.2943  ce=0.4203  ctc=0.0001  lr=6.77e-05
  [GPU] Mem: 546MB / 25417MB (2.1%) | Peak: 2576MB
  Epoch 56/80  Step 1050/1260  loss=0.2944  ce=0.4205  ctc=0.0001  lr=6.75e-05
  Epoch 56/80  Step 1100/1260  loss=0.3042  ce=0.4301  ctc=0.0104  lr=6.73e-05
  Epoch 56/80  Step 1150/1260  loss=0.2945  ce=0.4205  ctc=0.0003  lr=6.71e-05
  Epoch 56/80  Step 1200/1260  loss=0.2943  ce=0.4203  ctc=0.0002  lr=6.69e-05
  [GPU] Mem: 546MB / 25417MB (2.1%) | Peak: 2576MB
  Epoch 56/80  Step 1250/1260  loss=0.2943  ce=0.4204  ctc=0.0001  lr=6.67e-05
[Epoch 56] avg_loss=0.2963  time=154s
  [Val epoch 56 (constrained)] loss=0.4425  CER=0.0271  WER=0.1712  avg_pred_len=8.7
  [Val epoch 56 (unconstrained)] loss=0.4425  CER=0.0264  WER=0.1709  avg_pred_len=8.7
  [Checkpoint] epoch=56  val_cer=0.0264  best=0.0242

  ┌── Epoch 56 Summary ──────────────────────────
  │ Train Loss  : 0.2963
  │ Val CER     : 0.0264 (2.64%)
  │ Epoch Time  : 234s (0:03:54)
  │ Speed       : 344.0 samples/sec
  │ GPU Memory  : 546MB (peak: 2576MB)
  │ Total Time  : 3:48:24
  │ ETA         : 1:37:53 (24 epochs left)
  └─────────────────────────────────────────────────


──────────────────────────────────────────────────────────────────────
  Epoch 57 started at 17:33:10
──────────────────────────────────────────────────────────────────────
  Epoch 57/80  Step 0/1260  loss=0.2965  ce=0.4234  ctc=0.0006  lr=6.66e-05
  Epoch 57/80  Step 50/1260  loss=0.2972  ce=0.4236  ctc=0.0022  lr=6.64e-05
  Epoch 57/80  Step 100/1260  loss=0.2942  ce=0.4202  ctc=0.0001  lr=6.62e-05
  Epoch 57/80  Step 150/1260  loss=0.2942  ce=0.4203  ctc=0.0001  lr=6.60e-05
  Epoch 57/80  Step 200/1260  loss=0.3113  ce=0.4248  ctc=0.0466  lr=6.58e-05
  [GPU] Mem: 548MB / 25417MB (2.2%) | Peak: 2576MB
  Epoch 57/80  Step 250/1260  loss=0.2945  ce=0.4202  ctc=0.0012  lr=6.56e-05
  Epoch 57/80  Step 300/1260  loss=0.2943  ce=0.4204  ctc=0.0000  lr=6.54e-05
  Epoch 57/80  Step 350/1260  loss=0.2944  ce=0.4205  ctc=0.0001  lr=6.52e-05
  Epoch 57/80  Step 400/1260  loss=0.3117  ce=0.4267  ctc=0.0435  lr=6.50e-05
  [GPU] Mem: 548MB / 25417MB (2.2%) | Peak: 2576MB
  Epoch 57/80  Step 450/1260  loss=0.3191  ce=0.4342  ctc=0.0505  lr=6.48e-05
  Epoch 57/80  Step 500/1260  loss=0.2943  ce=0.4204  ctc=0.0002  lr=6.46e-05
  Epoch 57/80  Step 550/1260  loss=0.2954  ce=0.4217  ctc=0.0006  lr=6.44e-05
  Epoch 57/80  Step 600/1260  loss=0.2943  ce=0.4204  ctc=0.0001  lr=6.42e-05
  [GPU] Mem: 548MB / 25417MB (2.2%) | Peak: 2576MB
  Epoch 57/80  Step 650/1260  loss=0.2941  ce=0.4201  ctc=0.0001  lr=6.40e-05
  Epoch 57/80  Step 700/1260  loss=0.2942  ce=0.4203  ctc=0.0001  lr=6.38e-05
  Epoch 57/80  Step 750/1260  loss=0.2943  ce=0.4204  ctc=0.0002  lr=6.36e-05
  Epoch 57/80  Step 800/1260  loss=0.2942  ce=0.4203  ctc=0.0001  lr=6.34e-05
  [GPU] Mem: 546MB / 25417MB (2.1%) | Peak: 2576MB
  Epoch 57/80  Step 850/1260  loss=0.2952  ce=0.4207  ctc=0.0022  lr=6.32e-05
  Epoch 57/80  Step 900/1260  loss=0.2963  ce=0.4229  ctc=0.0008  lr=6.30e-05
  Epoch 57/80  Step 950/1260  loss=0.2943  ce=0.4204  ctc=0.0001  lr=6.28e-05
  Epoch 57/80  Step 1000/1260  loss=0.2943  ce=0.4204  ctc=0.0001  lr=6.26e-05
  [GPU] Mem: 548MB / 25417MB (2.2%) | Peak: 2576MB
  Epoch 57/80  Step 1050/1260  loss=0.2942  ce=0.4203  ctc=0.0000  lr=6.24e-05
  Epoch 57/80  Step 1100/1260  loss=0.2955  ce=0.4207  ctc=0.0033  lr=6.22e-05
  Epoch 57/80  Step 1150/1260  loss=0.2948  ce=0.4210  ctc=0.0002  lr=6.20e-05
  Epoch 57/80  Step 1200/1260  loss=0.2943  ce=0.4203  ctc=0.0003  lr=6.18e-05
  [GPU] Mem: 542MB / 25417MB (2.1%) | Peak: 2576MB
  Epoch 57/80  Step 1250/1260  loss=0.2959  ce=0.4210  ctc=0.0039  lr=6.16e-05
[Epoch 57] avg_loss=0.2962  time=153s
  [Val epoch 57 (constrained)] loss=0.4414  CER=0.0265  WER=0.1696  avg_pred_len=8.7
  [Val epoch 57 (unconstrained)] loss=0.4414  CER=0.0259  WER=0.1691  avg_pred_len=8.7
  [Checkpoint] epoch=57  val_cer=0.0259  best=0.0242

  ┌── Epoch 57 Summary ──────────────────────────
  │ Train Loss  : 0.2962
  │ Val CER     : 0.0259 (2.59%)
  │ Epoch Time  : 233s (0:03:53)
  │ Speed       : 345.5 samples/sec
  │ GPU Memory  : 548MB (peak: 2576MB)
  │ Total Time  : 3:52:18
  │ ETA         : 1:33:43 (23 epochs left)
  └─────────────────────────────────────────────────


──────────────────────────────────────────────────────────────────────
  Epoch 58 started at 17:37:03
──────────────────────────────────────────────────────────────────────
  Epoch 58/80  Step 0/1260  loss=0.2944  ce=0.4203  ctc=0.0005  lr=6.16e-05
  Epoch 58/80  Step 50/1260  loss=0.2941  ce=0.4202  ctc=0.0000  lr=6.14e-05
  Epoch 58/80  Step 100/1260  loss=0.2943  ce=0.4204  ctc=0.0001  lr=6.12e-05
  Epoch 58/80  Step 150/1260  loss=0.2983  ce=0.4209  ctc=0.0121  lr=6.10e-05
  Epoch 58/80  Step 200/1260  loss=0.2945  ce=0.4206  ctc=0.0003  lr=6.08e-05
  [GPU] Mem: 546MB / 25417MB (2.1%) | Peak: 2576MB
  Epoch 58/80  Step 250/1260  loss=0.2944  ce=0.4203  ctc=0.0008  lr=6.06e-05
  Epoch 58/80  Step 300/1260  loss=0.2942  ce=0.4203  ctc=0.0001  lr=6.04e-05
  Epoch 58/80  Step 350/1260  loss=0.2947  ce=0.4205  ctc=0.0011  lr=6.02e-05
  Epoch 58/80  Step 400/1260  loss=0.2945  ce=0.4206  ctc=0.0003  lr=6.00e-05
  [GPU] Mem: 548MB / 25417MB (2.2%) | Peak: 2576MB
  Epoch 58/80  Step 450/1260  loss=0.2942  ce=0.4202  ctc=0.0001  lr=5.98e-05
  Epoch 58/80  Step 500/1260  loss=0.2947  ce=0.4205  ctc=0.0011  lr=5.96e-05
  Epoch 58/80  Step 550/1260  loss=0.2980  ce=0.4229  ctc=0.0064  lr=5.94e-05
  Epoch 58/80  Step 600/1260  loss=0.2941  ce=0.4202  ctc=0.0001  lr=5.92e-05
  [GPU] Mem: 542MB / 25417MB (2.1%) | Peak: 2576MB
  Epoch 58/80  Step 650/1260  loss=0.2942  ce=0.4203  ctc=0.0001  lr=5.91e-05
  Epoch 58/80  Step 700/1260  loss=0.2943  ce=0.4202  ctc=0.0004  lr=5.89e-05
  Epoch 58/80  Step 750/1260  loss=0.2942  ce=0.4202  ctc=0.0001  lr=5.87e-05
  Epoch 58/80  Step 800/1260  loss=0.2943  ce=0.4203  ctc=0.0001  lr=5.85e-05
  [GPU] Mem: 543MB / 25417MB (2.1%) | Peak: 2576MB
  Epoch 58/80  Step 850/1260  loss=0.2972  ce=0.4231  ctc=0.0033  lr=5.83e-05
  Epoch 58/80  Step 900/1260  loss=0.2942  ce=0.4203  ctc=0.0001  lr=5.81e-05
  Epoch 58/80  Step 950/1260  loss=0.2942  ce=0.4202  ctc=0.0001  lr=5.79e-05
  Epoch 58/80  Step 1000/1260  loss=0.2942  ce=0.4203  ctc=0.0000  lr=5.77e-05
  [GPU] Mem: 542MB / 25417MB (2.1%) | Peak: 2576MB
  Epoch 58/80  Step 1050/1260  loss=0.2944  ce=0.4202  ctc=0.0008  lr=5.75e-05
  Epoch 58/80  Step 1100/1260  loss=0.2942  ce=0.4202  ctc=0.0002  lr=5.73e-05
  Epoch 58/80  Step 1150/1260  loss=0.2943  ce=0.4203  ctc=0.0003  lr=5.71e-05
  Epoch 58/80  Step 1200/1260  loss=0.3040  ce=0.4258  ctc=0.0197  lr=5.69e-05
  [GPU] Mem: 548MB / 25417MB (2.2%) | Peak: 2576MB
  Epoch 58/80  Step 1250/1260  loss=0.2943  ce=0.4204  ctc=0.0001  lr=5.68e-05
[Epoch 58] avg_loss=0.2961  time=154s
  [Val epoch 58 (constrained)] loss=0.4355  CER=0.0264  WER=0.1652  avg_pred_len=8.7
  [Val epoch 58 (unconstrained)] loss=0.4355  CER=0.0257  WER=0.1645  avg_pred_len=8.7
  [Checkpoint] epoch=58  val_cer=0.0257  best=0.0242

  ┌── Epoch 58 Summary ──────────────────────────
  │ Train Loss  : 0.2961
  │ Val CER     : 0.0257 (2.57%)
  │ Epoch Time  : 234s (0:03:54)
  │ Speed       : 344.1 samples/sec
  │ GPU Memory  : 544MB (peak: 2576MB)
  │ Total Time  : 3:56:12
  │ ETA         : 1:29:35 (22 epochs left)
  └─────────────────────────────────────────────────


──────────────────────────────────────────────────────────────────────
  Epoch 59 started at 17:40:58
──────────────────────────────────────────────────────────────────────
  Epoch 59/80  Step 0/1260  loss=0.2943  ce=0.4203  ctc=0.0005  lr=5.67e-05
  Epoch 59/80  Step 50/1260  loss=0.2947  ce=0.4203  ctc=0.0016  lr=5.65e-05
  Epoch 59/80  Step 100/1260  loss=0.2944  ce=0.4205  ctc=0.0002  lr=5.63e-05
  Epoch 59/80  Step 150/1260  loss=0.2943  ce=0.4204  ctc=0.0000  lr=5.61e-05
  Epoch 59/80  Step 200/1260  loss=0.2942  ce=0.4203  ctc=0.0001  lr=5.60e-05
  [GPU] Mem: 542MB / 25417MB (2.1%) | Peak: 2576MB
  Epoch 59/80  Step 250/1260  loss=0.2943  ce=0.4203  ctc=0.0002  lr=5.58e-05
  Epoch 59/80  Step 300/1260  loss=0.2943  ce=0.4203  ctc=0.0001  lr=5.56e-05
  Epoch 59/80  Step 350/1260  loss=0.2943  ce=0.4204  ctc=0.0001  lr=5.54e-05
  Epoch 59/80  Step 400/1260  loss=0.2944  ce=0.4206  ctc=0.0001  lr=5.52e-05
  [GPU] Mem: 542MB / 25417MB (2.1%) | Peak: 2576MB
  Epoch 59/80  Step 450/1260  loss=0.3008  ce=0.4245  ctc=0.0121  lr=5.50e-05
  Epoch 59/80  Step 500/1260  loss=0.3066  ce=0.4219  ctc=0.0375  lr=5.48e-05
  Epoch 59/80  Step 550/1260  loss=0.2945  ce=0.4205  ctc=0.0004  lr=5.46e-05
  Epoch 59/80  Step 600/1260  loss=0.2944  ce=0.4204  ctc=0.0003  lr=5.44e-05
  [GPU] Mem: 546MB / 25417MB (2.1%) | Peak: 2576MB
  Epoch 59/80  Step 650/1260  loss=0.2943  ce=0.4203  ctc=0.0003  lr=5.43e-05
  Epoch 59/80  Step 700/1260  loss=0.2943  ce=0.4203  ctc=0.0003  lr=5.41e-05
  Epoch 59/80  Step 750/1260  loss=0.2943  ce=0.4203  ctc=0.0003  lr=5.39e-05
  Epoch 59/80  Step 800/1260  loss=0.2941  ce=0.4201  ctc=0.0001  lr=5.37e-05
  [GPU] Mem: 548MB / 25417MB (2.2%) | Peak: 2576MB
  Epoch 59/80  Step 850/1260  loss=0.2941  ce=0.4202  ctc=0.0001  lr=5.35e-05
  Epoch 59/80  Step 900/1260  loss=0.3065  ce=0.4219  ctc=0.0372  lr=5.33e-05
  Epoch 59/80  Step 950/1260  loss=0.2954  ce=0.4202  ctc=0.0044  lr=5.31e-05
  Epoch 59/80  Step 1000/1260  loss=0.2949  ce=0.4205  ctc=0.0019  lr=5.29e-05
  [GPU] Mem: 548MB / 25417MB (2.2%) | Peak: 2576MB
  Epoch 59/80  Step 1050/1260  loss=0.2971  ce=0.4210  ctc=0.0081  lr=5.28e-05
  Epoch 59/80  Step 1100/1260  loss=0.2980  ce=0.4217  ctc=0.0094  lr=5.26e-05
  Epoch 59/80  Step 1150/1260  loss=0.2941  ce=0.4201  ctc=0.0000  lr=5.24e-05
  Epoch 59/80  Step 1200/1260  loss=0.3044  ce=0.4219  ctc=0.0303  lr=5.22e-05
  [GPU] Mem: 546MB / 25417MB (2.1%) | Peak: 2576MB
  Epoch 59/80  Step 1250/1260  loss=0.2943  ce=0.4202  ctc=0.0006  lr=5.20e-05
[Epoch 59] avg_loss=0.2959  time=154s
  [Val epoch 59 (constrained)] loss=0.4430  CER=0.0275  WER=0.1699  avg_pred_len=8.7
  [Val epoch 59 (unconstrained)] loss=0.4430  CER=0.0266  WER=0.1694  avg_pred_len=8.7
  [Checkpoint] epoch=59  val_cer=0.0266  best=0.0242

  ┌── Epoch 59 Summary ──────────────────────────
  │ Train Loss  : 0.2959
  │ Val CER     : 0.0266 (2.66%)
  │ Epoch Time  : 234s (0:03:54)
  │ Speed       : 344.4 samples/sec
  │ GPU Memory  : 547MB (peak: 2576MB)
  │ Total Time  : 4:00:06
  │ ETA         : 1:25:27 (21 epochs left)
  └─────────────────────────────────────────────────


──────────────────────────────────────────────────────────────────────
  Epoch 60 started at 17:44:52
──────────────────────────────────────────────────────────────────────
  Epoch 60/80  Step 0/1260  loss=0.2943  ce=0.4201  ctc=0.0007  lr=5.20e-05
  Epoch 60/80  Step 50/1260  loss=0.2943  ce=0.4204  ctc=0.0000  lr=5.18e-05
  Epoch 60/80  Step 100/1260  loss=0.2945  ce=0.4206  ctc=0.0001  lr=5.16e-05
  Epoch 60/80  Step 150/1260  loss=0.2958  ce=0.4206  ctc=0.0046  lr=5.14e-05
  Epoch 60/80  Step 200/1260  loss=0.2941  ce=0.4202  ctc=0.0001  lr=5.13e-05
  [GPU] Mem: 548MB / 25417MB (2.2%) | Peak: 2576MB
  Epoch 60/80  Step 250/1260  loss=0.2950  ce=0.4202  ctc=0.0028  lr=5.11e-05
  Epoch 60/80  Step 300/1260  loss=0.2943  ce=0.4203  ctc=0.0003  lr=5.09e-05
  Epoch 60/80  Step 350/1260  loss=0.2943  ce=0.4202  ctc=0.0004  lr=5.07e-05
  Epoch 60/80  Step 400/1260  loss=0.2942  ce=0.4202  ctc=0.0001  lr=5.05e-05
  [GPU] Mem: 546MB / 25417MB (2.1%) | Peak: 2576MB
  Epoch 60/80  Step 450/1260  loss=0.2944  ce=0.4204  ctc=0.0005  lr=5.03e-05
  Epoch 60/80  Step 500/1260  loss=0.2942  ce=0.4202  ctc=0.0002  lr=5.02e-05
  Epoch 60/80  Step 550/1260  loss=0.2943  ce=0.4203  ctc=0.0002  lr=5.00e-05
  Epoch 60/80  Step 600/1260  loss=0.2942  ce=0.4202  ctc=0.0003  lr=4.98e-05
  [GPU] Mem: 546MB / 25417MB (2.1%) | Peak: 2576MB
  Epoch 60/80  Step 650/1260  loss=0.3193  ce=0.4370  ctc=0.0445  lr=4.96e-05
  Epoch 60/80  Step 700/1260  loss=0.3001  ce=0.4242  ctc=0.0103  lr=4.94e-05
  Epoch 60/80  Step 750/1260  loss=0.2942  ce=0.4202  ctc=0.0002  lr=4.93e-05
  Epoch 60/80  Step 800/1260  loss=0.2940  ce=0.4200  ctc=0.0001  lr=4.91e-05
  [GPU] Mem: 546MB / 25417MB (2.1%) | Peak: 2576MB
  Epoch 60/80  Step 850/1260  loss=0.2942  ce=0.4201  ctc=0.0002  lr=4.89e-05
  Epoch 60/80  Step 900/1260  loss=0.2943  ce=0.4203  ctc=0.0001  lr=4.87e-05
  Epoch 60/80  Step 950/1260  loss=0.2942  ce=0.4203  ctc=0.0001  lr=4.85e-05
  Epoch 60/80  Step 1000/1260  loss=0.2943  ce=0.4201  ctc=0.0008  lr=4.84e-05
  [GPU] Mem: 548MB / 25417MB (2.2%) | Peak: 2576MB
  Epoch 60/80  Step 1050/1260  loss=0.2942  ce=0.4202  ctc=0.0001  lr=4.82e-05
  Epoch 60/80  Step 1100/1260  loss=0.2941  ce=0.4201  ctc=0.0001  lr=4.80e-05
  Epoch 60/80  Step 1150/1260  loss=0.2971  ce=0.4201  ctc=0.0102  lr=4.78e-05
  Epoch 60/80  Step 1200/1260  loss=0.2943  ce=0.4202  ctc=0.0005  lr=4.76e-05
  [GPU] Mem: 547MB / 25417MB (2.2%) | Peak: 2576MB
  Epoch 60/80  Step 1250/1260  loss=0.2943  ce=0.4203  ctc=0.0003  lr=4.75e-05
[Epoch 60] avg_loss=0.2957  time=158s
  [Val epoch 60 (constrained)] loss=0.4418  CER=0.0266  WER=0.1663  avg_pred_len=8.7
  [Val epoch 60 (unconstrained)] loss=0.4418  CER=0.0259  WER=0.1661  avg_pred_len=8.7
  [Checkpoint] epoch=60  val_cer=0.0259  best=0.0242

  Disk usage:
        best.pt     358.4 MB
     current.pt     358.4 MB
    previous.pt     358.4 MB
       TOTAL         1075.3 MB


  ┌── Epoch 60 Summary ──────────────────────────
  │ Train Loss  : 0.2957
  │ Val CER     : 0.0259 (2.59%)
  │ Epoch Time  : 238s (0:03:57)
  │ Speed       : 338.9 samples/sec
  │ GPU Memory  : 546MB (peak: 2576MB)
  │ Total Time  : 4:04:04
  │ ETA         : 1:21:21 (20 epochs left)
  └─────────────────────────────────────────────────


──────────────────────────────────────────────────────────────────────
  Epoch 61 started at 17:48:50
──────────────────────────────────────────────────────────────────────
  Epoch 61/80  Step 0/1260  loss=0.2941  ce=0.4201  ctc=0.0000  lr=4.74e-05
  Epoch 61/80  Step 50/1260  loss=0.2991  ce=0.4239  ctc=0.0078  lr=4.73e-05
  Epoch 61/80  Step 100/1260  loss=0.2945  ce=0.4207  ctc=0.0000  lr=4.71e-05
  Epoch 61/80  Step 150/1260  loss=0.2947  ce=0.4209  ctc=0.0000  lr=4.69e-05
  Epoch 61/80  Step 200/1260  loss=0.2955  ce=0.4219  ctc=0.0005  lr=4.67e-05
  [GPU] Mem: 546MB / 25417MB (2.1%) | Peak: 2576MB
  Epoch 61/80  Step 250/1260  loss=0.2942  ce=0.4203  ctc=0.0000  lr=4.65e-05
  Epoch 61/80  Step 300/1260  loss=0.2942  ce=0.4202  ctc=0.0001  lr=4.64e-05
  Epoch 61/80  Step 350/1260  loss=0.2941  ce=0.4202  ctc=0.0000  lr=4.62e-05
  Epoch 61/80  Step 400/1260  loss=0.2946  ce=0.4206  ctc=0.0006  lr=4.60e-05
  [GPU] Mem: 546MB / 25417MB (2.1%) | Peak: 2576MB
  Epoch 61/80  Step 450/1260  loss=0.2942  ce=0.4202  ctc=0.0000  lr=4.58e-05
  Epoch 61/80  Step 500/1260  loss=0.2983  ce=0.4251  ctc=0.0024  lr=4.57e-05
  Epoch 61/80  Step 550/1260  loss=0.2942  ce=0.4202  ctc=0.0002  lr=4.55e-05
  Epoch 61/80  Step 600/1260  loss=0.2941  ce=0.4201  ctc=0.0002  lr=4.53e-05
  [GPU] Mem: 548MB / 25417MB (2.2%) | Peak: 2576MB
  Epoch 61/80  Step 650/1260  loss=0.2968  ce=0.4221  ctc=0.0046  lr=4.51e-05
  Epoch 61/80  Step 700/1260  loss=0.2941  ce=0.4201  ctc=0.0001  lr=4.50e-05
  Epoch 61/80  Step 750/1260  loss=0.3156  ce=0.4303  ctc=0.0480  lr=4.48e-05
  Epoch 61/80  Step 800/1260  loss=0.2941  ce=0.4201  ctc=0.0002  lr=4.46e-05
  [GPU] Mem: 547MB / 25417MB (2.2%) | Peak: 2576MB
  Epoch 61/80  Step 850/1260  loss=0.2942  ce=0.4202  ctc=0.0000  lr=4.44e-05
  Epoch 61/80  Step 900/1260  loss=0.2942  ce=0.4201  ctc=0.0003  lr=4.43e-05
  Epoch 61/80  Step 950/1260  loss=0.2942  ce=0.4202  ctc=0.0003  lr=4.41e-05
  Epoch 61/80  Step 1000/1260  loss=0.2944  ce=0.4203  ctc=0.0005  lr=4.39e-05
  [GPU] Mem: 548MB / 25417MB (2.2%) | Peak: 2576MB
  Epoch 61/80  Step 1050/1260  loss=0.2942  ce=0.4203  ctc=0.0000  lr=4.38e-05
  Epoch 61/80  Step 1100/1260  loss=0.2942  ce=0.4201  ctc=0.0004  lr=4.36e-05
  Epoch 61/80  Step 1150/1260  loss=0.2952  ce=0.4202  ctc=0.0037  lr=4.34e-05
  Epoch 61/80  Step 1200/1260  loss=0.2942  ce=0.4202  ctc=0.0000  lr=4.32e-05
  [GPU] Mem: 548MB / 25417MB (2.2%) | Peak: 2576MB
  Epoch 61/80  Step 1250/1260  loss=0.2941  ce=0.4202  ctc=0.0001  lr=4.31e-05
[Epoch 61] avg_loss=0.2957  time=153s
  [Val epoch 61 (constrained)] loss=0.4383  CER=0.0260  WER=0.1618  avg_pred_len=8.7
  [Val epoch 61 (unconstrained)] loss=0.4383  CER=0.0253  WER=0.1609  avg_pred_len=8.7
  [Checkpoint] epoch=61  val_cer=0.0253  best=0.0242

  ┌── Epoch 61 Summary ──────────────────────────
  │ Train Loss  : 0.2957
  │ Val CER     : 0.0253 (2.53%)
  │ Epoch Time  : 233s (0:03:53)
  │ Speed       : 346.0 samples/sec
  │ GPU Memory  : 548MB (peak: 2576MB)
  │ Total Time  : 4:07:57
  │ ETA         : 1:17:13 (19 epochs left)
  └─────────────────────────────────────────────────


──────────────────────────────────────────────────────────────────────
  Epoch 62 started at 17:52:43
──────────────────────────────────────────────────────────────────────
  Epoch 62/80  Step 0/1260  loss=0.2944  ce=0.4202  ctc=0.0008  lr=4.30e-05
  Epoch 62/80  Step 50/1260  loss=0.2941  ce=0.4201  ctc=0.0000  lr=4.29e-05
  Epoch 62/80  Step 100/1260  loss=0.2942  ce=0.4202  ctc=0.0002  lr=4.27e-05
  Epoch 62/80  Step 150/1260  loss=0.2942  ce=0.4202  ctc=0.0001  lr=4.25e-05
  Epoch 62/80  Step 200/1260  loss=0.2941  ce=0.4201  ctc=0.0001  lr=4.24e-05
  [GPU] Mem: 546MB / 25417MB (2.1%) | Peak: 2576MB
  Epoch 62/80  Step 250/1260  loss=0.2941  ce=0.4202  ctc=0.0000  lr=4.22e-05
  Epoch 62/80  Step 300/1260  loss=0.2942  ce=0.4202  ctc=0.0001  lr=4.20e-05
  Epoch 62/80  Step 350/1260  loss=0.2941  ce=0.4201  ctc=0.0002  lr=4.19e-05
  Epoch 62/80  Step 400/1260  loss=0.2953  ce=0.4202  ctc=0.0037  lr=4.17e-05
  [GPU] Mem: 548MB / 25417MB (2.2%) | Peak: 2576MB
  Epoch 62/80  Step 450/1260  loss=0.2941  ce=0.4201  ctc=0.0000  lr=4.15e-05
  Epoch 62/80  Step 500/1260  loss=0.2942  ce=0.4202  ctc=0.0003  lr=4.13e-05
  Epoch 62/80  Step 550/1260  loss=0.2943  ce=0.4201  ctc=0.0006  lr=4.12e-05
  Epoch 62/80  Step 600/1260  loss=0.2943  ce=0.4204  ctc=0.0000  lr=4.10e-05
  [GPU] Mem: 547MB / 25417MB (2.2%) | Peak: 2576MB
  Epoch 62/80  Step 650/1260  loss=0.2945  ce=0.4205  ctc=0.0006  lr=4.08e-05
  Epoch 62/80  Step 700/1260  loss=0.2950  ce=0.4205  ctc=0.0022  lr=4.07e-05
  Epoch 62/80  Step 750/1260  loss=0.3163  ce=0.4250  ctc=0.0625  lr=4.05e-05
  Epoch 62/80  Step 800/1260  loss=0.2941  ce=0.4201  ctc=0.0001  lr=4.03e-05
  [GPU] Mem: 542MB / 25417MB (2.1%) | Peak: 2576MB
  Epoch 62/80  Step 850/1260  loss=0.2942  ce=0.4202  ctc=0.0001  lr=4.02e-05
  Epoch 62/80  Step 900/1260  loss=0.2942  ce=0.4201  ctc=0.0003  lr=4.00e-05
  Epoch 62/80  Step 950/1260  loss=0.2952  ce=0.4202  ctc=0.0035  lr=3.98e-05
  Epoch 62/80  Step 1000/1260  loss=0.2953  ce=0.4211  ctc=0.0017  lr=3.97e-05
  [GPU] Mem: 548MB / 25417MB (2.2%) | Peak: 2576MB
  Epoch 62/80  Step 1050/1260  loss=0.2941  ce=0.4201  ctc=0.0003  lr=3.95e-05
  Epoch 62/80  Step 1100/1260  loss=0.2941  ce=0.4201  ctc=0.0001  lr=3.94e-05
  Epoch 62/80  Step 1150/1260  loss=0.2981  ce=0.4213  ctc=0.0106  lr=3.92e-05
  Epoch 62/80  Step 1200/1260  loss=0.2941  ce=0.4202  ctc=0.0000  lr=3.90e-05
  [GPU] Mem: 546MB / 25417MB (2.1%) | Peak: 2576MB
  Epoch 62/80  Step 1250/1260  loss=0.2942  ce=0.4202  ctc=0.0001  lr=3.89e-05
[Epoch 62] avg_loss=0.2956  time=154s
  [Val epoch 62 (constrained)] loss=0.4364  CER=0.0262  WER=0.1649  avg_pred_len=8.7
  [Val epoch 62 (unconstrained)] loss=0.4364  CER=0.0255  WER=0.1643  avg_pred_len=8.7
  [Checkpoint] epoch=62  val_cer=0.0255  best=0.0242

  ┌── Epoch 62 Summary ──────────────────────────
  │ Train Loss  : 0.2956
  │ Val CER     : 0.0255 (2.55%)
  │ Epoch Time  : 234s (0:03:53)
  │ Speed       : 344.8 samples/sec
  │ GPU Memory  : 548MB (peak: 2576MB)
  │ Total Time  : 4:11:51
  │ ETA         : 1:13:06 (18 epochs left)
  └─────────────────────────────────────────────────


──────────────────────────────────────────────────────────────────────
  Epoch 63 started at 17:56:37
──────────────────────────────────────────────────────────────────────
  Epoch 63/80  Step 0/1260  loss=0.2941  ce=0.4201  ctc=0.0001  lr=3.88e-05
  Epoch 63/80  Step 50/1260  loss=0.2941  ce=0.4201  ctc=0.0000  lr=3.87e-05
  Epoch 63/80  Step 100/1260  loss=0.2941  ce=0.4201  ctc=0.0000  lr=3.85e-05
  Epoch 63/80  Step 150/1260  loss=0.2944  ce=0.4202  ctc=0.0009  lr=3.83e-05
  Epoch 63/80  Step 200/1260  loss=0.2979  ce=0.4211  ctc=0.0106  lr=3.82e-05
  [GPU] Mem: 548MB / 25417MB (2.2%) | Peak: 2576MB
  Epoch 63/80  Step 250/1260  loss=0.2948  ce=0.4201  ctc=0.0023  lr=3.80e-05
  Epoch 63/80  Step 300/1260  loss=0.2957  ce=0.4217  ctc=0.0017  lr=3.79e-05
  Epoch 63/80  Step 350/1260  loss=0.2958  ce=0.4205  ctc=0.0048  lr=3.77e-05
  Epoch 63/80  Step 400/1260  loss=0.2943  ce=0.4201  ctc=0.0007  lr=3.75e-05
  [GPU] Mem: 546MB / 25417MB (2.1%) | Peak: 2576MB
  Epoch 63/80  Step 450/1260  loss=0.2941  ce=0.4202  ctc=0.0001  lr=3.74e-05
  Epoch 63/80  Step 500/1260  loss=0.2945  ce=0.4207  ctc=0.0000  lr=3.72e-05
  Epoch 63/80  Step 550/1260  loss=0.2943  ce=0.4204  ctc=0.0001  lr=3.70e-05
  Epoch 63/80  Step 600/1260  loss=0.3012  ce=0.4263  ctc=0.0092  lr=3.69e-05
  [GPU] Mem: 546MB / 25417MB (2.1%) | Peak: 2576MB
  Epoch 63/80  Step 650/1260  loss=0.2940  ce=0.4200  ctc=0.0001  lr=3.67e-05
  Epoch 63/80  Step 700/1260  loss=0.2941  ce=0.4201  ctc=0.0000  lr=3.66e-05
  Epoch 63/80  Step 750/1260  loss=0.3126  ce=0.4281  ctc=0.0432  lr=3.64e-05
  Epoch 63/80  Step 800/1260  loss=0.2941  ce=0.4200  ctc=0.0002  lr=3.63e-05
  [GPU] Mem: 548MB / 25417MB (2.2%) | Peak: 2576MB
  Epoch 63/80  Step 850/1260  loss=0.2941  ce=0.4201  ctc=0.0001  lr=3.61e-05
  Epoch 63/80  Step 900/1260  loss=0.2941  ce=0.4202  ctc=0.0000  lr=3.59e-05
  Epoch 63/80  Step 950/1260  loss=0.2941  ce=0.4201  ctc=0.0001  lr=3.58e-05
  Epoch 63/80  Step 1000/1260  loss=0.2966  ce=0.4235  ctc=0.0005  lr=3.56e-05
  [GPU] Mem: 546MB / 25417MB (2.1%) | Peak: 2576MB
  Epoch 63/80  Step 1050/1260  loss=0.2943  ce=0.4201  ctc=0.0006  lr=3.55e-05
  Epoch 63/80  Step 1100/1260  loss=0.2941  ce=0.4201  ctc=0.0001  lr=3.53e-05
  Epoch 63/80  Step 1150/1260  loss=0.2942  ce=0.4201  ctc=0.0003  lr=3.51e-05
  Epoch 63/80  Step 1200/1260  loss=0.2941  ce=0.4200  ctc=0.0001  lr=3.50e-05
  [GPU] Mem: 544MB / 25417MB (2.1%) | Peak: 2576MB
  Epoch 63/80  Step 1250/1260  loss=0.2941  ce=0.4202  ctc=0.0000  lr=3.48e-05
[Epoch 63] avg_loss=0.2955  time=154s
  [Val epoch 63 (constrained)] loss=0.4344  CER=0.0251  WER=0.1578  avg_pred_len=8.7
  [Val epoch 63 (unconstrained)] loss=0.4344  CER=0.0245  WER=0.1573  avg_pred_len=8.7
  [Checkpoint] epoch=63  val_cer=0.0245  best=0.0242

  ┌── Epoch 63 Summary ──────────────────────────
  │ Train Loss  : 0.2955
  │ Val CER     : 0.0245 (2.45%)
  │ Epoch Time  : 234s (0:03:53)
  │ Speed       : 345.2 samples/sec
  │ GPU Memory  : 544MB (peak: 2576MB)
  │ Total Time  : 4:15:45
  │ ETA         : 1:09:00 (17 epochs left)
  └─────────────────────────────────────────────────


──────────────────────────────────────────────────────────────────────
  Epoch 64 started at 18:00:30
──────────────────────────────────────────────────────────────────────
  Epoch 64/80  Step 0/1260  loss=0.2941  ce=0.4201  ctc=0.0001  lr=3.48e-05
  Epoch 64/80  Step 50/1260  loss=0.2944  ce=0.4204  ctc=0.0002  lr=3.46e-05
  Epoch 64/80  Step 100/1260  loss=0.2940  ce=0.4200  ctc=0.0001  lr=3.45e-05
  Epoch 64/80  Step 150/1260  loss=0.2941  ce=0.4201  ctc=0.0000  lr=3.43e-05
  Epoch 64/80  Step 200/1260  loss=0.2943  ce=0.4201  ctc=0.0006  lr=3.42e-05
  [GPU] Mem: 546MB / 25417MB (2.1%) | Peak: 2576MB
  Epoch 64/80  Step 250/1260  loss=0.2946  ce=0.4201  ctc=0.0020  lr=3.40e-05
  Epoch 64/80  Step 300/1260  loss=0.2942  ce=0.4202  ctc=0.0001  lr=3.39e-05
  Epoch 64/80  Step 350/1260  loss=0.3007  ce=0.4211  ctc=0.0198  lr=3.37e-05
  Epoch 64/80  Step 400/1260  loss=0.2941  ce=0.4201  ctc=0.0000  lr=3.36e-05
  [GPU] Mem: 548MB / 25417MB (2.2%) | Peak: 2576MB
  Epoch 64/80  Step 450/1260  loss=0.2946  ce=0.4206  ctc=0.0004  lr=3.34e-05
  Epoch 64/80  Step 500/1260  loss=0.2941  ce=0.4201  ctc=0.0000  lr=3.33e-05
  Epoch 64/80  Step 550/1260  loss=0.2941  ce=0.4201  ctc=0.0000  lr=3.31e-05
  Epoch 64/80  Step 600/1260  loss=0.2941  ce=0.4201  ctc=0.0001  lr=3.30e-05
  [GPU] Mem: 542MB / 25417MB (2.1%) | Peak: 2576MB
  Epoch 64/80  Step 650/1260  loss=0.2945  ce=0.4206  ctc=0.0002  lr=3.28e-05
  Epoch 64/80  Step 700/1260  loss=0.2940  ce=0.4200  ctc=0.0001  lr=3.27e-05
  Epoch 64/80  Step 750/1260  loss=0.2940  ce=0.4200  ctc=0.0000  lr=3.25e-05
  Epoch 64/80  Step 800/1260  loss=0.2956  ce=0.4200  ctc=0.0051  lr=3.24e-05
  [GPU] Mem: 542MB / 25417MB (2.1%) | Peak: 2576MB
  Epoch 64/80  Step 850/1260  loss=0.2940  ce=0.4201  ctc=0.0000  lr=3.22e-05
  Epoch 64/80  Step 900/1260  loss=0.2941  ce=0.4202  ctc=0.0001  lr=3.20e-05
  Epoch 64/80  Step 950/1260  loss=0.2956  ce=0.4204  ctc=0.0042  lr=3.19e-05
  Epoch 64/80  Step 1000/1260  loss=0.2941  ce=0.4201  ctc=0.0000  lr=3.17e-05
  [GPU] Mem: 542MB / 25417MB (2.1%) | Peak: 2576MB
  Epoch 64/80  Step 1050/1260  loss=0.2941  ce=0.4201  ctc=0.0000  lr=3.16e-05
  Epoch 64/80  Step 1100/1260  loss=0.2940  ce=0.4201  ctc=0.0000  lr=3.14e-05
  Epoch 64/80  Step 1150/1260  loss=0.2941  ce=0.4202  ctc=0.0000  lr=3.13e-05
  Epoch 64/80  Step 1200/1260  loss=0.2942  ce=0.4202  ctc=0.0001  lr=3.12e-05
  [GPU] Mem: 542MB / 25417MB (2.1%) | Peak: 2576MB
  Epoch 64/80  Step 1250/1260  loss=0.2941  ce=0.4201  ctc=0.0000  lr=3.10e-05
[Epoch 64] avg_loss=0.2953  time=153s
  [Val epoch 64 (constrained)] loss=0.4320  CER=0.0247  WER=0.1551  avg_pred_len=8.7
  [Val epoch 64 (unconstrained)] loss=0.4320  CER=0.0240  WER=0.1544  avg_pred_len=8.7
  [Checkpoint] epoch=64  val_cer=0.0240  best=0.0240  ★ NEW BEST

  ┌── Epoch 64 Summary ──────────────────────────
  │ Train Loss  : 0.2953
  │ Val CER     : 0.0240 (2.40%)
  │ Epoch Time  : 235s (0:03:55)
  │ Speed       : 342.7 samples/sec
  │ GPU Memory  : 542MB (peak: 2576MB)
  │ Total Time  : 4:19:40
  │ ETA         : 1:04:54 (16 epochs left)
  └─────────────────────────────────────────────────


──────────────────────────────────────────────────────────────────────
  Epoch 65 started at 18:04:26
──────────────────────────────────────────────────────────────────────
  Epoch 65/80  Step 0/1260  loss=0.2941  ce=0.4201  ctc=0.0002  lr=3.10e-05
  Epoch 65/80  Step 50/1260  loss=0.2945  ce=0.4204  ctc=0.0007  lr=3.08e-05
  Epoch 65/80  Step 100/1260  loss=0.2960  ce=0.4201  ctc=0.0062  lr=3.07e-05
  Epoch 65/80  Step 150/1260  loss=0.2964  ce=0.4213  ctc=0.0048  lr=3.05e-05
  Epoch 65/80  Step 200/1260  loss=0.2940  ce=0.4200  ctc=0.0000  lr=3.04e-05
  [GPU] Mem: 548MB / 25417MB (2.2%) | Peak: 2576MB
  Epoch 65/80  Step 250/1260  loss=0.2943  ce=0.4203  ctc=0.0002  lr=3.02e-05
  Epoch 65/80  Step 300/1260  loss=0.2943  ce=0.4202  ctc=0.0005  lr=3.01e-05
  Epoch 65/80  Step 350/1260  loss=0.2940  ce=0.4200  ctc=0.0000  lr=2.99e-05
  Epoch 65/80  Step 400/1260  loss=0.2940  ce=0.4200  ctc=0.0000  lr=2.98e-05
  [GPU] Mem: 548MB / 25417MB (2.2%) | Peak: 2576MB
  Epoch 65/80  Step 450/1260  loss=0.2943  ce=0.4202  ctc=0.0005  lr=2.97e-05
  Epoch 65/80  Step 500/1260  loss=0.2941  ce=0.4202  ctc=0.0001  lr=2.95e-05
  Epoch 65/80  Step 550/1260  loss=0.2945  ce=0.4206  ctc=0.0000  lr=2.94e-05
  Epoch 65/80  Step 600/1260  loss=0.2941  ce=0.4201  ctc=0.0000  lr=2.92e-05
  [GPU] Mem: 543MB / 25417MB (2.1%) | Peak: 2576MB
  Epoch 65/80  Step 650/1260  loss=0.2944  ce=0.4200  ctc=0.0011  lr=2.91e-05
  Epoch 65/80  Step 700/1260  loss=0.2941  ce=0.4201  ctc=0.0001  lr=2.89e-05
  Epoch 65/80  Step 750/1260  loss=0.2944  ce=0.4204  ctc=0.0003  lr=2.88e-05
  Epoch 65/80  Step 800/1260  loss=0.2941  ce=0.4201  ctc=0.0000  lr=2.86e-05
  [GPU] Mem: 548MB / 25417MB (2.2%) | Peak: 2576MB
  Epoch 65/80  Step 850/1260  loss=0.2942  ce=0.4200  ctc=0.0006  lr=2.85e-05
  Epoch 65/80  Step 900/1260  loss=0.2984  ce=0.4263  ctc=0.0001  lr=2.84e-05
  Epoch 65/80  Step 950/1260  loss=0.2941  ce=0.4201  ctc=0.0001  lr=2.82e-05
  Epoch 65/80  Step 1000/1260  loss=0.2941  ce=0.4200  ctc=0.0002  lr=2.81e-05
  [GPU] Mem: 546MB / 25417MB (2.1%) | Peak: 2576MB
  Epoch 65/80  Step 1050/1260  loss=0.2942  ce=0.4200  ctc=0.0004  lr=2.79e-05
  Epoch 65/80  Step 1100/1260  loss=0.2941  ce=0.4200  ctc=0.0002  lr=2.78e-05
  Epoch 65/80  Step 1150/1260  loss=0.2940  ce=0.4200  ctc=0.0000  lr=2.77e-05
  Epoch 65/80  Step 1200/1260  loss=0.2942  ce=0.4201  ctc=0.0005  lr=2.75e-05
  [GPU] Mem: 547MB / 25417MB (2.2%) | Peak: 2576MB
  Epoch 65/80  Step 1250/1260  loss=0.2941  ce=0.4200  ctc=0.0001  lr=2.74e-05
[Epoch 65] avg_loss=0.2952  time=154s
  [Val epoch 65 (constrained)] loss=0.4348  CER=0.0250  WER=0.1570  avg_pred_len=8.7
  [Val epoch 65 (unconstrained)] loss=0.4348  CER=0.0245  WER=0.1566  avg_pred_len=8.7
  [Checkpoint] epoch=65  val_cer=0.0245  best=0.0240

  Disk usage:
        best.pt     358.4 MB
     current.pt     358.4 MB
    previous.pt     358.4 MB
       TOTAL         1075.3 MB


  ┌── Epoch 65 Summary ──────────────────────────
  │ Train Loss  : 0.2952
  │ Val CER     : 0.0245 (2.45%)
  │ Epoch Time  : 234s (0:03:53)
  │ Speed       : 345.1 samples/sec
  │ GPU Memory  : 547MB (peak: 2576MB)
  │ Total Time  : 4:23:33
  │ ETA         : 1:00:49 (15 epochs left)
  └─────────────────────────────────────────────────


──────────────────────────────────────────────────────────────────────
  Epoch 66 started at 18:08:19
──────────────────────────────────────────────────────────────────────
  Epoch 66/80  Step 0/1260  loss=0.2945  ce=0.4201  ctc=0.0017  lr=2.73e-05
  Epoch 66/80  Step 50/1260  loss=0.2940  ce=0.4200  ctc=0.0000  lr=2.72e-05
  Epoch 66/80  Step 100/1260  loss=0.2943  ce=0.4201  ctc=0.0007  lr=2.71e-05
  Epoch 66/80  Step 150/1260  loss=0.3021  ce=0.4216  ctc=0.0232  lr=2.69e-05
  Epoch 66/80  Step 200/1260  loss=0.2946  ce=0.4200  ctc=0.0021  lr=2.68e-05
  [GPU] Mem: 550MB / 25417MB (2.2%) | Peak: 2576MB
  Epoch 66/80  Step 250/1260  loss=0.2940  ce=0.4200  ctc=0.0000  lr=2.66e-05
  Epoch 66/80  Step 300/1260  loss=0.2940  ce=0.4199  ctc=0.0000  lr=2.65e-05
  Epoch 66/80  Step 350/1260  loss=0.2940  ce=0.4200  ctc=0.0001  lr=2.64e-05
  Epoch 66/80  Step 400/1260  loss=0.2940  ce=0.4200  ctc=0.0000  lr=2.62e-05
  [GPU] Mem: 542MB / 25417MB (2.1%) | Peak: 2576MB
  Epoch 66/80  Step 450/1260  loss=0.2951  ce=0.4216  ctc=0.0001  lr=2.61e-05
  Epoch 66/80  Step 500/1260  loss=0.3065  ce=0.4220  ctc=0.0371  lr=2.60e-05
  Epoch 66/80  Step 550/1260  loss=0.2947  ce=0.4205  ctc=0.0012  lr=2.58e-05
  Epoch 66/80  Step 600/1260  loss=0.2940  ce=0.4200  ctc=0.0000  lr=2.57e-05
  [GPU] Mem: 542MB / 25417MB (2.1%) | Peak: 2576MB
  Epoch 66/80  Step 650/1260  loss=0.2945  ce=0.4206  ctc=0.0001  lr=2.55e-05
  Epoch 66/80  Step 700/1260  loss=0.2944  ce=0.4206  ctc=0.0000  lr=2.54e-05
  Epoch 66/80  Step 750/1260  loss=0.2940  ce=0.4200  ctc=0.0000  lr=2.53e-05
  Epoch 66/80  Step 800/1260  loss=0.3060  ce=0.4222  ctc=0.0348  lr=2.51e-05
  [GPU] Mem: 546MB / 25417MB (2.1%) | Peak: 2576MB
  Epoch 66/80  Step 850/1260  loss=0.2941  ce=0.4201  ctc=0.0001  lr=2.50e-05
  Epoch 66/80  Step 900/1260  loss=0.2942  ce=0.4201  ctc=0.0004  lr=2.49e-05
  Epoch 66/80  Step 950/1260  loss=0.2940  ce=0.4200  ctc=0.0000  lr=2.47e-05
  Epoch 66/80  Step 1000/1260  loss=0.2940  ce=0.4200  ctc=0.0000  lr=2.46e-05
  [GPU] Mem: 548MB / 25417MB (2.2%) | Peak: 2576MB
  Epoch 66/80  Step 1050/1260  loss=0.2941  ce=0.4200  ctc=0.0002  lr=2.45e-05
  Epoch 66/80  Step 1100/1260  loss=0.2958  ce=0.4211  ctc=0.0036  lr=2.43e-05
  Epoch 66/80  Step 1150/1260  loss=0.2940  ce=0.4200  ctc=0.0000  lr=2.42e-05
  Epoch 66/80  Step 1200/1260  loss=0.2941  ce=0.4201  ctc=0.0000  lr=2.41e-05
  [GPU] Mem: 548MB / 25417MB (2.2%) | Peak: 2576MB
  Epoch 66/80  Step 1250/1260  loss=0.2941  ce=0.4201  ctc=0.0002  lr=2.39e-05
[Epoch 66] avg_loss=0.2951  time=153s
  [Val epoch 66 (constrained)] loss=0.4405  CER=0.0256  WER=0.1596  avg_pred_len=8.7
  [Val epoch 66 (unconstrained)] loss=0.4405  CER=0.0249  WER=0.1592  avg_pred_len=8.7
  [Checkpoint] epoch=66  val_cer=0.0249  best=0.0240

  ┌── Epoch 66 Summary ──────────────────────────
  │ Train Loss  : 0.2951
  │ Val CER     : 0.0249 (2.49%)
  │ Epoch Time  : 233s (0:03:52)
  │ Speed       : 346.7 samples/sec
  │ GPU Memory  : 548MB (peak: 2576MB)
  │ Total Time  : 4:27:26
  │ ETA         : 0:56:43 (14 epochs left)
  └─────────────────────────────────────────────────


──────────────────────────────────────────────────────────────────────
  Epoch 67 started at 18:12:12
──────────────────────────────────────────────────────────────────────
  Epoch 67/80  Step 0/1260  loss=0.2940  ce=0.4200  ctc=0.0000  lr=2.39e-05
  Epoch 67/80  Step 50/1260  loss=0.2944  ce=0.4200  ctc=0.0015  lr=2.38e-05
  Epoch 67/80  Step 100/1260  loss=0.2940  ce=0.4200  ctc=0.0001  lr=2.37e-05
  Epoch 67/80  Step 150/1260  loss=0.2943  ce=0.4205  ctc=0.0001  lr=2.35e-05
  Epoch 67/80  Step 200/1260  loss=0.2940  ce=0.4200  ctc=0.0000  lr=2.34e-05
  [GPU] Mem: 547MB / 25417MB (2.2%) | Peak: 2576MB
  Epoch 67/80  Step 250/1260  loss=0.2955  ce=0.4204  ctc=0.0041  lr=2.33e-05
  Epoch 67/80  Step 300/1260  loss=0.2940  ce=0.4200  ctc=0.0000  lr=2.31e-05
  Epoch 67/80  Step 350/1260  loss=0.2940  ce=0.4200  ctc=0.0000  lr=2.30e-05
  Epoch 67/80  Step 400/1260  loss=0.2941  ce=0.4201  ctc=0.0001  lr=2.29e-05
  [GPU] Mem: 548MB / 25417MB (2.2%) | Peak: 2576MB
  Epoch 67/80  Step 450/1260  loss=0.2942  ce=0.4202  ctc=0.0000  lr=2.27e-05
  Epoch 67/80  Step 500/1260  loss=0.2940  ce=0.4200  ctc=0.0001  lr=2.26e-05
  Epoch 67/80  Step 550/1260  loss=0.2940  ce=0.4200  ctc=0.0000  lr=2.25e-05
  Epoch 67/80  Step 600/1260  loss=0.2941  ce=0.4201  ctc=0.0000  lr=2.24e-05
  [GPU] Mem: 542MB / 25417MB (2.1%) | Peak: 2576MB
  Epoch 67/80  Step 650/1260  loss=0.2941  ce=0.4202  ctc=0.0000  lr=2.22e-05
  Epoch 67/80  Step 700/1260  loss=0.2940  ce=0.4200  ctc=0.0000  lr=2.21e-05
  Epoch 67/80  Step 750/1260  loss=0.2941  ce=0.4201  ctc=0.0000  lr=2.20e-05
  Epoch 67/80  Step 800/1260  loss=0.2978  ce=0.4205  ctc=0.0114  lr=2.18e-05
  [GPU] Mem: 548MB / 25417MB (2.2%) | Peak: 2576MB
  Epoch 67/80  Step 850/1260  loss=0.2941  ce=0.4202  ctc=0.0001  lr=2.17e-05
  Epoch 67/80  Step 900/1260  loss=0.2946  ce=0.4201  ctc=0.0019  lr=2.16e-05
  Epoch 67/80  Step 950/1260  loss=0.2943  ce=0.4204  ctc=0.0000  lr=2.15e-05
  Epoch 67/80  Step 1000/1260  loss=0.2940  ce=0.4200  ctc=0.0000  lr=2.13e-05
  [GPU] Mem: 544MB / 25417MB (2.1%) | Peak: 2576MB
  Epoch 67/80  Step 1050/1260  loss=0.2965  ce=0.4202  ctc=0.0077  lr=2.12e-05
  Epoch 67/80  Step 1100/1260  loss=0.2940  ce=0.4200  ctc=0.0000  lr=2.11e-05
  Epoch 67/80  Step 1150/1260  loss=0.2946  ce=0.4202  ctc=0.0016  lr=2.10e-05
  Epoch 67/80  Step 1200/1260  loss=0.2940  ce=0.4200  ctc=0.0000  lr=2.08e-05
  [GPU] Mem: 548MB / 25417MB (2.2%) | Peak: 2576MB
  Epoch 67/80  Step 1250/1260  loss=0.2940  ce=0.4199  ctc=0.0001  lr=2.07e-05
[Epoch 67] avg_loss=0.2951  time=153s
  [Val epoch 67 (constrained)] loss=0.4384  CER=0.0257  WER=0.1609  avg_pred_len=8.7
  [Val epoch 67 (unconstrained)] loss=0.4384  CER=0.0251  WER=0.1605  avg_pred_len=8.7
  [Checkpoint] epoch=67  val_cer=0.0251  best=0.0240

  ┌── Epoch 67 Summary ──────────────────────────
  │ Train Loss  : 0.2951
  │ Val CER     : 0.0251 (2.51%)
  │ Epoch Time  : 233s (0:03:52)
  │ Speed       : 346.4 samples/sec
  │ GPU Memory  : 546MB (peak: 2576MB)
  │ Total Time  : 4:31:19
  │ ETA         : 0:52:38 (13 epochs left)
  └─────────────────────────────────────────────────


──────────────────────────────────────────────────────────────────────
  Epoch 68 started at 18:16:05
──────────────────────────────────────────────────────────────────────
  Epoch 68/80  Step 0/1260  loss=0.2941  ce=0.4201  ctc=0.0001  lr=2.07e-05
  Epoch 68/80  Step 50/1260  loss=0.2941  ce=0.4200  ctc=0.0002  lr=2.06e-05
  Epoch 68/80  Step 100/1260  loss=0.2940  ce=0.4200  ctc=0.0002  lr=2.05e-05
  Epoch 68/80  Step 150/1260  loss=0.2940  ce=0.4200  ctc=0.0001  lr=2.03e-05
  Epoch 68/80  Step 200/1260  loss=0.2993  ce=0.4276  ctc=0.0000  lr=2.02e-05
  [GPU] Mem: 548MB / 25417MB (2.2%) | Peak: 2576MB
  Epoch 68/80  Step 250/1260  loss=0.2963  ce=0.4201  ctc=0.0075  lr=2.01e-05
  Epoch 68/80  Step 300/1260  loss=0.2940  ce=0.4200  ctc=0.0000  lr=2.00e-05
  Epoch 68/80  Step 350/1260  loss=0.2940  ce=0.4200  ctc=0.0001  lr=1.98e-05
  Epoch 68/80  Step 400/1260  loss=0.2940  ce=0.4200  ctc=0.0000  lr=1.97e-05
  [GPU] Mem: 546MB / 25417MB (2.1%) | Peak: 2576MB
  Epoch 68/80  Step 450/1260  loss=0.2940  ce=0.4200  ctc=0.0001  lr=1.96e-05
  Epoch 68/80  Step 500/1260  loss=0.2940  ce=0.4201  ctc=0.0000  lr=1.95e-05
  Epoch 68/80  Step 550/1260  loss=0.2940  ce=0.4199  ctc=0.0001  lr=1.94e-05
  Epoch 68/80  Step 600/1260  loss=0.2941  ce=0.4201  ctc=0.0000  lr=1.92e-05
  [GPU] Mem: 546MB / 25417MB (2.1%) | Peak: 2576MB
  Epoch 68/80  Step 650/1260  loss=0.2965  ce=0.4202  ctc=0.0078  lr=1.91e-05
  Epoch 68/80  Step 700/1260  loss=0.2940  ce=0.4200  ctc=0.0000  lr=1.90e-05
  Epoch 68/80  Step 750/1260  loss=0.2940  ce=0.4200  ctc=0.0001  lr=1.89e-05
  Epoch 68/80  Step 800/1260  loss=0.2940  ce=0.4200  ctc=0.0000  lr=1.88e-05
  [GPU] Mem: 548MB / 25417MB (2.2%) | Peak: 2576MB
  Epoch 68/80  Step 850/1260  loss=0.3056  ce=0.4306  ctc=0.0139  lr=1.87e-05
  Epoch 68/80  Step 900/1260  loss=0.2940  ce=0.4200  ctc=0.0001  lr=1.85e-05
  Epoch 68/80  Step 950/1260  loss=0.2941  ce=0.4201  ctc=0.0000  lr=1.84e-05
  Epoch 68/80  Step 1000/1260  loss=0.2940  ce=0.4200  ctc=0.0000  lr=1.83e-05
  [GPU] Mem: 548MB / 25417MB (2.2%) | Peak: 2576MB
  Epoch 68/80  Step 1050/1260  loss=0.2941  ce=0.4200  ctc=0.0002  lr=1.82e-05
  Epoch 68/80  Step 1100/1260  loss=0.2940  ce=0.4199  ctc=0.0001  lr=1.81e-05
  Epoch 68/80  Step 1150/1260  loss=0.2940  ce=0.4200  ctc=0.0000  lr=1.80e-05
  Epoch 68/80  Step 1200/1260  loss=0.2991  ce=0.4268  ctc=0.0011  lr=1.78e-05
  [GPU] Mem: 544MB / 25417MB (2.1%) | Peak: 2576MB
  Epoch 68/80  Step 1250/1260  loss=0.2940  ce=0.4199  ctc=0.0000  lr=1.77e-05
[Epoch 68] avg_loss=0.2951  time=155s
  [Val epoch 68 (constrained)] loss=0.4322  CER=0.0248  WER=0.1554  avg_pred_len=8.7
  [Val epoch 68 (unconstrained)] loss=0.4322  CER=0.0241  WER=0.1547  avg_pred_len=8.7
  [Checkpoint] epoch=68  val_cer=0.0241  best=0.0240

  ┌── Epoch 68 Summary ──────────────────────────
  │ Train Loss  : 0.2951
  │ Val CER     : 0.0241 (2.41%)
  │ Epoch Time  : 235s (0:03:54)
  │ Speed       : 343.9 samples/sec
  │ GPU Memory  : 548MB (peak: 2576MB)
  │ Total Time  : 4:35:13
  │ ETA         : 0:48:34 (12 epochs left)
  └─────────────────────────────────────────────────


──────────────────────────────────────────────────────────────────────
  Epoch 69 started at 18:19:59
──────────────────────────────────────────────────────────────────────
  Epoch 69/80  Step 0/1260  loss=0.2948  ce=0.4204  ctc=0.0018  lr=1.77e-05
  Epoch 69/80  Step 50/1260  loss=0.2940  ce=0.4200  ctc=0.0000  lr=1.76e-05
  Epoch 69/80  Step 100/1260  loss=0.2940  ce=0.4200  ctc=0.0001  lr=1.75e-05
  Epoch 69/80  Step 150/1260  loss=0.2940  ce=0.4200  ctc=0.0000  lr=1.74e-05
  Epoch 69/80  Step 200/1260  loss=0.2940  ce=0.4200  ctc=0.0000  lr=1.72e-05
  [GPU] Mem: 548MB / 25417MB (2.2%) | Peak: 2576MB
  Epoch 69/80  Step 250/1260  loss=0.2942  ce=0.4203  ctc=0.0000  lr=1.71e-05
  Epoch 69/80  Step 300/1260  loss=0.2940  ce=0.4200  ctc=0.0000  lr=1.70e-05
  Epoch 69/80  Step 350/1260  loss=0.2940  ce=0.4200  ctc=0.0000  lr=1.69e-05
  Epoch 69/80  Step 400/1260  loss=0.3039  ce=0.4302  ctc=0.0090  lr=1.68e-05
  [GPU] Mem: 548MB / 25417MB (2.2%) | Peak: 2576MB
  Epoch 69/80  Step 450/1260  loss=0.2940  ce=0.4200  ctc=0.0000  lr=1.67e-05
  Epoch 69/80  Step 500/1260  loss=0.2940  ce=0.4200  ctc=0.0000  lr=1.66e-05
  Epoch 69/80  Step 550/1260  loss=0.2941  ce=0.4201  ctc=0.0002  lr=1.65e-05
  Epoch 69/80  Step 600/1260  loss=0.2940  ce=0.4200  ctc=0.0000  lr=1.63e-05
  [GPU] Mem: 548MB / 25417MB (2.2%) | Peak: 2576MB
  Epoch 69/80  Step 650/1260  loss=0.2941  ce=0.4202  ctc=0.0000  lr=1.62e-05
  Epoch 69/80  Step 700/1260  loss=0.2949  ce=0.4207  ctc=0.0012  lr=1.61e-05
  Epoch 69/80  Step 750/1260  loss=0.2940  ce=0.4200  ctc=0.0001  lr=1.60e-05
  Epoch 69/80  Step 800/1260  loss=0.2946  ce=0.4207  ctc=0.0003  lr=1.59e-05
  [GPU] Mem: 548MB / 25417MB (2.2%) | Peak: 2576MB
  Epoch 69/80  Step 850/1260  loss=0.2940  ce=0.4199  ctc=0.0001  lr=1.58e-05
  Epoch 69/80  Step 900/1260  loss=0.2940  ce=0.4200  ctc=0.0000  lr=1.57e-05
  Epoch 69/80  Step 950/1260  loss=0.2940  ce=0.4199  ctc=0.0000  lr=1.56e-05
  Epoch 69/80  Step 1000/1260  loss=0.2942  ce=0.4203  ctc=0.0000  lr=1.55e-05
  [GPU] Mem: 548MB / 25417MB (2.2%) | Peak: 2576MB
  Epoch 69/80  Step 1050/1260  loss=0.2940  ce=0.4200  ctc=0.0000  lr=1.54e-05
  Epoch 69/80  Step 1100/1260  loss=0.2941  ce=0.4201  ctc=0.0000  lr=1.53e-05
  Epoch 69/80  Step 1150/1260  loss=0.2941  ce=0.4201  ctc=0.0001  lr=1.52e-05
  Epoch 69/80  Step 1200/1260  loss=0.2940  ce=0.4200  ctc=0.0000  lr=1.50e-05
  [GPU] Mem: 542MB / 25417MB (2.1%) | Peak: 2576MB
  Epoch 69/80  Step 1250/1260  loss=0.2939  ce=0.4199  ctc=0.0000  lr=1.49e-05
[Epoch 69] avg_loss=0.2950  time=161s
  [Val epoch 69 (constrained)] loss=0.4367  CER=0.0249  WER=0.1568  avg_pred_len=8.7
  [Val epoch 69 (unconstrained)] loss=0.4367  CER=0.0244  WER=0.1563  avg_pred_len=8.7
  [Checkpoint] epoch=69  val_cer=0.0244  best=0.0240

  ┌── Epoch 69 Summary ──────────────────────────
  │ Train Loss  : 0.2950
  │ Val CER     : 0.0244 (2.44%)
  │ Epoch Time  : 241s (0:04:01)
  │ Speed       : 334.1 samples/sec
  │ GPU Memory  : 547MB (peak: 2576MB)
  │ Total Time  : 4:39:15
  │ ETA         : 0:44:31 (11 epochs left)
  └─────────────────────────────────────────────────


──────────────────────────────────────────────────────────────────────
  Epoch 70 started at 18:24:01
──────────────────────────────────────────────────────────────────────
  Epoch 70/80  Step 0/1260  loss=0.2940  ce=0.4199  ctc=0.0002  lr=1.49e-05
  Epoch 70/80  Step 50/1260  loss=0.2940  ce=0.4200  ctc=0.0003  lr=1.48e-05
  Epoch 70/80  Step 100/1260  loss=0.2940  ce=0.4199  ctc=0.0001  lr=1.47e-05
  Epoch 70/80  Step 150/1260  loss=0.2940  ce=0.4199  ctc=0.0000  lr=1.46e-05
  Epoch 70/80  Step 200/1260  loss=0.2940  ce=0.4199  ctc=0.0000  lr=1.45e-05
  [GPU] Mem: 546MB / 25417MB (2.1%) | Peak: 2576MB
  Epoch 70/80  Step 250/1260  loss=0.2940  ce=0.4200  ctc=0.0000  lr=1.44e-05
  Epoch 70/80  Step 300/1260  loss=0.2952  ce=0.4207  ctc=0.0023  lr=1.43e-05
  Epoch 70/80  Step 350/1260  loss=0.2940  ce=0.4200  ctc=0.0000  lr=1.42e-05
  Epoch 70/80  Step 400/1260  loss=0.2942  ce=0.4200  ctc=0.0006  lr=1.41e-05
  [GPU] Mem: 548MB / 25417MB (2.2%) | Peak: 2576MB
  Epoch 70/80  Step 450/1260  loss=0.2942  ce=0.4201  ctc=0.0005  lr=1.40e-05
  Epoch 70/80  Step 500/1260  loss=0.2940  ce=0.4199  ctc=0.0000  lr=1.39e-05
  Epoch 70/80  Step 550/1260  loss=0.2940  ce=0.4199  ctc=0.0000  lr=1.38e-05
  Epoch 70/80  Step 600/1260  loss=0.2940  ce=0.4200  ctc=0.0000  lr=1.37e-05
  [GPU] Mem: 548MB / 25417MB (2.2%) | Peak: 2576MB
  Epoch 70/80  Step 650/1260  loss=0.3094  ce=0.4222  ctc=0.0461  lr=1.36e-05
  Epoch 70/80  Step 700/1260  loss=0.2942  ce=0.4200  ctc=0.0007  lr=1.35e-05
  Epoch 70/80  Step 750/1260  loss=0.2940  ce=0.4199  ctc=0.0001  lr=1.34e-05
  Epoch 70/80  Step 800/1260  loss=0.2942  ce=0.4200  ctc=0.0005  lr=1.33e-05
  [GPU] Mem: 548MB / 25417MB (2.2%) | Peak: 2576MB
  Epoch 70/80  Step 850/1260  loss=0.2939  ce=0.4199  ctc=0.0000  lr=1.32e-05
  Epoch 70/80  Step 900/1260  loss=0.2940  ce=0.4199  ctc=0.0000  lr=1.31e-05
  Epoch 70/80  Step 950/1260  loss=0.2940  ce=0.4199  ctc=0.0000  lr=1.30e-05
  Epoch 70/80  Step 1000/1260  loss=0.2947  ce=0.4210  ctc=0.0001  lr=1.29e-05
  [GPU] Mem: 544MB / 25417MB (2.1%) | Peak: 2576MB
  Epoch 70/80  Step 1050/1260  loss=0.2940  ce=0.4200  ctc=0.0000  lr=1.28e-05
  Epoch 70/80  Step 1100/1260  loss=0.2940  ce=0.4200  ctc=0.0001  lr=1.27e-05
  Epoch 70/80  Step 1150/1260  loss=0.2957  ce=0.4203  ctc=0.0049  lr=1.26e-05
  Epoch 70/80  Step 1200/1260  loss=0.2940  ce=0.4200  ctc=0.0000  lr=1.25e-05
  [GPU] Mem: 548MB / 25417MB (2.2%) | Peak: 2576MB
  Epoch 70/80  Step 1250/1260  loss=0.2940  ce=0.4199  ctc=0.0000  lr=1.24e-05
[Epoch 70] avg_loss=0.2949  time=157s
  [Val epoch 70 (constrained)] loss=0.4369  CER=0.0247  WER=0.1554  avg_pred_len=8.7
  [Val epoch 70 (unconstrained)] loss=0.4369  CER=0.0241  WER=0.1550  avg_pred_len=8.7
  [Checkpoint] epoch=70  val_cer=0.0241  best=0.0240

  Disk usage:
        best.pt     358.4 MB
     current.pt     358.4 MB
    previous.pt     358.4 MB
       TOTAL         1075.3 MB


  ┌── Epoch 70 Summary ──────────────────────────
  │ Train Loss  : 0.2949
  │ Val CER     : 0.0241 (2.41%)
  │ Epoch Time  : 237s (0:03:57)
  │ Speed       : 339.8 samples/sec
  │ GPU Memory  : 544MB (peak: 2576MB)
  │ Total Time  : 4:43:12
  │ ETA         : 0:40:27 (10 epochs left)
  └─────────────────────────────────────────────────


──────────────────────────────────────────────────────────────────────
  Epoch 71 started at 18:27:58
──────────────────────────────────────────────────────────────────────
  Epoch 71/80  Step 0/1260  loss=0.2940  ce=0.4200  ctc=0.0000  lr=1.24e-05
  Epoch 71/80  Step 50/1260  loss=0.2944  ce=0.4202  ctc=0.0007  lr=1.23e-05
  Epoch 71/80  Step 100/1260  loss=0.2940  ce=0.4199  ctc=0.0000  lr=1.22e-05
  Epoch 71/80  Step 150/1260  loss=0.2939  ce=0.4199  ctc=0.0000  lr=1.21e-05
  Epoch 71/80  Step 200/1260  loss=0.2940  ce=0.4200  ctc=0.0000  lr=1.20e-05
  [GPU] Mem: 548MB / 25417MB (2.2%) | Peak: 2576MB
  Epoch 71/80  Step 250/1260  loss=0.2941  ce=0.4201  ctc=0.0000  lr=1.19e-05
  Epoch 71/80  Step 300/1260  loss=0.2941  ce=0.4200  ctc=0.0003  lr=1.18e-05
  Epoch 71/80  Step 350/1260  loss=0.2941  ce=0.4202  ctc=0.0000  lr=1.17e-05
  Epoch 71/80  Step 400/1260  loss=0.2947  ce=0.4210  ctc=0.0000  lr=1.16e-05
  [GPU] Mem: 547MB / 25417MB (2.2%) | Peak: 2576MB
  Epoch 71/80  Step 450/1260  loss=0.2940  ce=0.4200  ctc=0.0000  lr=1.15e-05
  Epoch 71/80  Step 500/1260  loss=0.2940  ce=0.4200  ctc=0.0000  lr=1.14e-05
  Epoch 71/80  Step 550/1260  loss=0.2940  ce=0.4199  ctc=0.0000  lr=1.13e-05
  Epoch 71/80  Step 600/1260  loss=0.2940  ce=0.4199  ctc=0.0000  lr=1.12e-05
  [GPU] Mem: 548MB / 25417MB (2.2%) | Peak: 2576MB
  Epoch 71/80  Step 650/1260  loss=0.2940  ce=0.4199  ctc=0.0002  lr=1.11e-05
  Epoch 71/80  Step 700/1260  loss=0.2940  ce=0.4200  ctc=0.0000  lr=1.10e-05
  Epoch 71/80  Step 750/1260  loss=0.2940  ce=0.4200  ctc=0.0002  lr=1.10e-05
  Epoch 71/80  Step 800/1260  loss=0.2940  ce=0.4199  ctc=0.0000  lr=1.09e-05
  [GPU] Mem: 548MB / 25417MB (2.2%) | Peak: 2576MB
  Epoch 71/80  Step 850/1260  loss=0.2940  ce=0.4199  ctc=0.0000  lr=1.08e-05
  Epoch 71/80  Step 900/1260  loss=0.3011  ce=0.4301  ctc=0.0000  lr=1.07e-05
  Epoch 71/80  Step 950/1260  loss=0.2941  ce=0.4201  ctc=0.0002  lr=1.06e-05
  Epoch 71/80  Step 1000/1260  loss=0.2946  ce=0.4209  ctc=0.0001  lr=1.05e-05
  [GPU] Mem: 542MB / 25417MB (2.1%) | Peak: 2576MB
  Epoch 71/80  Step 1050/1260  loss=0.2948  ce=0.4208  ctc=0.0007  lr=1.04e-05
  Epoch 71/80  Step 1100/1260  loss=0.3007  ce=0.4274  ctc=0.0049  lr=1.03e-05
  Epoch 71/80  Step 1150/1260  loss=0.2940  ce=0.4199  ctc=0.0000  lr=1.02e-05
  Epoch 71/80  Step 1200/1260  loss=0.2940  ce=0.4199  ctc=0.0000  lr=1.01e-05
  [GPU] Mem: 546MB / 25417MB (2.1%) | Peak: 2576MB
  Epoch 71/80  Step 1250/1260  loss=0.2940  ce=0.4200  ctc=0.0001  lr=1.01e-05
[Epoch 71] avg_loss=0.2949  time=154s
  [Val epoch 71 (constrained)] loss=0.4390  CER=0.0251  WER=0.1569  avg_pred_len=8.7
  [Val epoch 71 (unconstrained)] loss=0.4390  CER=0.0244  WER=0.1565  avg_pred_len=8.7
  [Checkpoint] epoch=71  val_cer=0.0244  best=0.0240

  ┌── Epoch 71 Summary ──────────────────────────
  │ Train Loss  : 0.2949
  │ Val CER     : 0.0244 (2.44%)
  │ Epoch Time  : 234s (0:03:53)
  │ Speed       : 344.7 samples/sec
  │ GPU Memory  : 548MB (peak: 2576MB)
  │ Total Time  : 4:47:06
  │ ETA         : 0:36:23 (9 epochs left)
  └─────────────────────────────────────────────────


──────────────────────────────────────────────────────────────────────
  Epoch 72 started at 18:31:52
──────────────────────────────────────────────────────────────────────
  Epoch 72/80  Step 0/1260  loss=0.2940  ce=0.4200  ctc=0.0001  lr=1.00e-05
  Epoch 72/80  Step 50/1260  loss=0.2940  ce=0.4200  ctc=0.0000  lr=9.96e-06
  Epoch 72/80  Step 100/1260  loss=0.2940  ce=0.4199  ctc=0.0001  lr=9.87e-06
  Epoch 72/80  Step 150/1260  loss=0.2940  ce=0.4200  ctc=0.0000  lr=9.78e-06
  Epoch 72/80  Step 200/1260  loss=0.2946  ce=0.4200  ctc=0.0022  lr=9.70e-06
  [GPU] Mem: 548MB / 25417MB (2.2%) | Peak: 2576MB
  Epoch 72/80  Step 250/1260  loss=0.2939  ce=0.4199  ctc=0.0000  lr=9.61e-06
  Epoch 72/80  Step 300/1260  loss=0.2940  ce=0.4199  ctc=0.0000  lr=9.52e-06
  Epoch 72/80  Step 350/1260  loss=0.2939  ce=0.4199  ctc=0.0000  lr=9.44e-06
  Epoch 72/80  Step 400/1260  loss=0.2940  ce=0.4200  ctc=0.0000  lr=9.35e-06
  [GPU] Mem: 542MB / 25417MB (2.1%) | Peak: 2576MB
  Epoch 72/80  Step 450/1260  loss=0.2940  ce=0.4199  ctc=0.0001  lr=9.27e-06
  Epoch 72/80  Step 500/1260  loss=0.2939  ce=0.4199  ctc=0.0000  lr=9.19e-06
  Epoch 72/80  Step 550/1260  loss=0.2941  ce=0.4200  ctc=0.0003  lr=9.10e-06
  Epoch 72/80  Step 600/1260  loss=0.2948  ce=0.4199  ctc=0.0027  lr=9.02e-06
  [GPU] Mem: 547MB / 25417MB (2.2%) | Peak: 2576MB
  Epoch 72/80  Step 650/1260  loss=0.2940  ce=0.4200  ctc=0.0000  lr=8.94e-06
  Epoch 72/80  Step 700/1260  loss=0.2940  ce=0.4199  ctc=0.0003  lr=8.85e-06
  Epoch 72/80  Step 750/1260  loss=0.2941  ce=0.4199  ctc=0.0004  lr=8.77e-06
  Epoch 72/80  Step 800/1260  loss=0.2939  ce=0.4199  ctc=0.0000  lr=8.69e-06
  [GPU] Mem: 547MB / 25417MB (2.2%) | Peak: 2576MB
  Epoch 72/80  Step 850/1260  loss=0.2940  ce=0.4199  ctc=0.0000  lr=8.61e-06
  Epoch 72/80  Step 900/1260  loss=0.2939  ce=0.4199  ctc=0.0000  lr=8.53e-06
  Epoch 72/80  Step 950/1260  loss=0.2940  ce=0.4200  ctc=0.0000  lr=8.45e-06
  Epoch 72/80  Step 1000/1260  loss=0.2941  ce=0.4201  ctc=0.0002  lr=8.37e-06
  [GPU] Mem: 544MB / 25417MB (2.1%) | Peak: 2576MB
  Epoch 72/80  Step 1050/1260  loss=0.2941  ce=0.4200  ctc=0.0004  lr=8.29e-06
  Epoch 72/80  Step 1100/1260  loss=0.2940  ce=0.4199  ctc=0.0002  lr=8.21e-06
  Epoch 72/80  Step 1150/1260  loss=0.2940  ce=0.4200  ctc=0.0001  lr=8.13e-06
  Epoch 72/80  Step 1200/1260  loss=0.2984  ce=0.4215  ctc=0.0110  lr=8.05e-06
  [GPU] Mem: 544MB / 25417MB (2.1%) | Peak: 2576MB
  Epoch 72/80  Step 1250/1260  loss=0.2941  ce=0.4202  ctc=0.0000  lr=7.97e-06
[Epoch 72] avg_loss=0.2948  time=157s
  [Val epoch 72 (constrained)] loss=0.4374  CER=0.0246  WER=0.1536  avg_pred_len=8.7
  [Val epoch 72 (unconstrained)] loss=0.4374  CER=0.0240  WER=0.1533  avg_pred_len=8.7
  [Checkpoint] epoch=72  val_cer=0.0240  best=0.0240  ★ NEW BEST

  ┌── Epoch 72 Summary ──────────────────────────
  │ Train Loss  : 0.2948
  │ Val CER     : 0.0240 (2.40%)
  │ Epoch Time  : 239s (0:03:59)
  │ Speed       : 337.4 samples/sec
  │ GPU Memory  : 544MB (peak: 2576MB)
  │ Total Time  : 4:51:05
  │ ETA         : 0:32:20 (8 epochs left)
  └─────────────────────────────────────────────────


──────────────────────────────────────────────────────────────────────
  Epoch 73 started at 18:35:51
──────────────────────────────────────────────────────────────────────
  Epoch 73/80  Step 0/1260  loss=0.2982  ce=0.4203  ctc=0.0133  lr=7.95e-06
  Epoch 73/80  Step 50/1260  loss=0.2939  ce=0.4199  ctc=0.0000  lr=7.88e-06
  Epoch 73/80  Step 100/1260  loss=0.2951  ce=0.4200  ctc=0.0036  lr=7.80e-06
  Epoch 73/80  Step 150/1260  loss=0.2940  ce=0.4200  ctc=0.0001  lr=7.72e-06
  Epoch 73/80  Step 200/1260  loss=0.2940  ce=0.4200  ctc=0.0000  lr=7.64e-06
  [GPU] Mem: 548MB / 25417MB (2.2%) | Peak: 2576MB
  Epoch 73/80  Step 250/1260  loss=0.2940  ce=0.4199  ctc=0.0000  lr=7.57e-06
  Epoch 73/80  Step 300/1260  loss=0.2966  ce=0.4201  ctc=0.0084  lr=7.49e-06
  Epoch 73/80  Step 350/1260  loss=0.2940  ce=0.4199  ctc=0.0000  lr=7.42e-06
  Epoch 73/80  Step 400/1260  loss=0.2940  ce=0.4199  ctc=0.0000  lr=7.34e-06
  [GPU] Mem: 548MB / 25417MB (2.2%) | Peak: 2576MB
  Epoch 73/80  Step 450/1260  loss=0.2940  ce=0.4200  ctc=0.0000  lr=7.26e-06
  Epoch 73/80  Step 500/1260  loss=0.2939  ce=0.4199  ctc=0.0000  lr=7.19e-06
  Epoch 73/80  Step 550/1260  loss=0.2990  ce=0.4232  ctc=0.0091  lr=7.12e-06
  Epoch 73/80  Step 600/1260  loss=0.2940  ce=0.4200  ctc=0.0000  lr=7.04e-06
  [GPU] Mem: 546MB / 25417MB (2.1%) | Peak: 2576MB
  Epoch 73/80  Step 650/1260  loss=0.2940  ce=0.4199  ctc=0.0001  lr=6.97e-06
  Epoch 73/80  Step 700/1260  loss=0.2940  ce=0.4200  ctc=0.0001  lr=6.90e-06
  Epoch 73/80  Step 750/1260  loss=0.2948  ce=0.4201  ctc=0.0025  lr=6.82e-06
  Epoch 73/80  Step 800/1260  loss=0.2940  ce=0.4200  ctc=0.0000  lr=6.75e-06
  [GPU] Mem: 547MB / 25417MB (2.2%) | Peak: 2576MB
  Epoch 73/80  Step 850/1260  loss=0.2939  ce=0.4199  ctc=0.0000  lr=6.68e-06
  Epoch 73/80  Step 900/1260  loss=0.2941  ce=0.4202  ctc=0.0000  lr=6.61e-06
  Epoch 73/80  Step 950/1260  loss=0.2939  ce=0.4199  ctc=0.0000  lr=6.54e-06
  Epoch 73/80  Step 1000/1260  loss=0.2939  ce=0.4199  ctc=0.0000  lr=6.46e-06
  [GPU] Mem: 548MB / 25417MB (2.2%) | Peak: 2576MB
  Epoch 73/80  Step 1050/1260  loss=0.2940  ce=0.4199  ctc=0.0001  lr=6.39e-06
  Epoch 73/80  Step 1100/1260  loss=0.2939  ce=0.4199  ctc=0.0000  lr=6.32e-06
  Epoch 73/80  Step 1150/1260  loss=0.2939  ce=0.4199  ctc=0.0000  lr=6.25e-06
  Epoch 73/80  Step 1200/1260  loss=0.2942  ce=0.4203  ctc=0.0000  lr=6.18e-06
  [GPU] Mem: 547MB / 25417MB (2.2%) | Peak: 2576MB
  Epoch 73/80  Step 1250/1260  loss=0.2940  ce=0.4200  ctc=0.0000  lr=6.12e-06
[Epoch 73] avg_loss=0.2949  time=159s
  [Val epoch 73 (constrained)] loss=0.4390  CER=0.0249  WER=0.1562  avg_pred_len=8.7
  [Val epoch 73 (unconstrained)] loss=0.4390  CER=0.0242  WER=0.1559  avg_pred_len=8.7
  [Checkpoint] epoch=73  val_cer=0.0242  best=0.0240

  ┌── Epoch 73 Summary ──────────────────────────
  │ Train Loss  : 0.2949
  │ Val CER     : 0.0242 (2.42%)
  │ Epoch Time  : 239s (0:03:58)
  │ Speed       : 337.7 samples/sec
  │ GPU Memory  : 548MB (peak: 2576MB)
  │ Total Time  : 4:55:04
  │ ETA         : 0:28:17 (7 epochs left)
  └─────────────────────────────────────────────────


──────────────────────────────────────────────────────────────────────
  Epoch 74 started at 18:39:50
──────────────────────────────────────────────────────────────────────
  Epoch 74/80  Step 0/1260  loss=0.3041  ce=0.4213  ctc=0.0308  lr=6.10e-06
  Epoch 74/80  Step 50/1260  loss=0.2940  ce=0.4200  ctc=0.0000  lr=6.03e-06
  Epoch 74/80  Step 100/1260  loss=0.2940  ce=0.4200  ctc=0.0000  lr=5.97e-06
  Epoch 74/80  Step 150/1260  loss=0.2939  ce=0.4199  ctc=0.0000  lr=5.90e-06
  Epoch 74/80  Step 200/1260  loss=0.2940  ce=0.4199  ctc=0.0000  lr=5.83e-06
  [GPU] Mem: 548MB / 25417MB (2.2%) | Peak: 2576MB
  Epoch 74/80  Step 250/1260  loss=0.2939  ce=0.4199  ctc=0.0000  lr=5.76e-06
  Epoch 74/80  Step 300/1260  loss=0.2940  ce=0.4199  ctc=0.0000  lr=5.70e-06
  Epoch 74/80  Step 350/1260  loss=0.2939  ce=0.4199  ctc=0.0000  lr=5.63e-06
  Epoch 74/80  Step 400/1260  loss=0.2940  ce=0.4199  ctc=0.0001  lr=5.56e-06
  [GPU] Mem: 548MB / 25417MB (2.2%) | Peak: 2576MB
  Epoch 74/80  Step 450/1260  loss=0.2939  ce=0.4199  ctc=0.0000  lr=5.50e-06
  Epoch 74/80  Step 500/1260  loss=0.2942  ce=0.4200  ctc=0.0006  lr=5.43e-06
  Epoch 74/80  Step 550/1260  loss=0.2941  ce=0.4199  ctc=0.0004  lr=5.37e-06
  Epoch 74/80  Step 600/1260  loss=0.2940  ce=0.4201  ctc=0.0000  lr=5.30e-06
  [GPU] Mem: 548MB / 25417MB (2.2%) | Peak: 2576MB
  Epoch 74/80  Step 650/1260  loss=0.2948  ce=0.4200  ctc=0.0029  lr=5.24e-06
  Epoch 74/80  Step 700/1260  loss=0.2940  ce=0.4199  ctc=0.0002  lr=5.18e-06
  Epoch 74/80  Step 750/1260  loss=0.3006  ce=0.4206  ctc=0.0206  lr=5.11e-06
  Epoch 74/80  Step 800/1260  loss=0.2940  ce=0.4199  ctc=0.0000  lr=5.05e-06
  [GPU] Mem: 542MB / 25417MB (2.1%) | Peak: 2576MB
  Epoch 74/80  Step 850/1260  loss=0.3062  ce=0.4212  ctc=0.0380  lr=4.99e-06
  Epoch 74/80  Step 900/1260  loss=0.2939  ce=0.4199  ctc=0.0000  lr=4.93e-06
  Epoch 74/80  Step 950/1260  loss=0.2940  ce=0.4199  ctc=0.0001  lr=4.87e-06
  Epoch 74/80  Step 1000/1260  loss=0.2941  ce=0.4199  ctc=0.0004  lr=4.80e-06
  [GPU] Mem: 548MB / 25417MB (2.2%) | Peak: 2576MB
  Epoch 74/80  Step 1050/1260  loss=0.2939  ce=0.4199  ctc=0.0000  lr=4.74e-06
  Epoch 74/80  Step 1100/1260  loss=0.2973  ce=0.4204  ctc=0.0101  lr=4.68e-06
  Epoch 74/80  Step 1150/1260  loss=0.2939  ce=0.4199  ctc=0.0000  lr=4.62e-06
  Epoch 74/80  Step 1200/1260  loss=0.2946  ce=0.4202  ctc=0.0016  lr=4.56e-06
  [GPU] Mem: 542MB / 25417MB (2.1%) | Peak: 2576MB
  Epoch 74/80  Step 1250/1260  loss=0.2940  ce=0.4199  ctc=0.0000  lr=4.50e-06
[Epoch 74] avg_loss=0.2948  time=154s
  [Val epoch 74 (constrained)] loss=0.4401  CER=0.0251  WER=0.1572  avg_pred_len=8.7
  [Val epoch 74 (unconstrained)] loss=0.4401  CER=0.0244  WER=0.1569  avg_pred_len=8.7
  [Checkpoint] epoch=74  val_cer=0.0244  best=0.0240

  ┌── Epoch 74 Summary ──────────────────────────
  │ Train Loss  : 0.2948
  │ Val CER     : 0.0244 (2.44%)
  │ Epoch Time  : 233s (0:03:53)
  │ Speed       : 345.5 samples/sec
  │ GPU Memory  : 548MB (peak: 2576MB)
  │ Total Time  : 4:58:57
  │ ETA         : 0:24:14 (6 epochs left)
  └─────────────────────────────────────────────────


──────────────────────────────────────────────────────────────────────
  Epoch 75 started at 18:43:43
──────────────────────────────────────────────────────────────────────
  Epoch 75/80  Step 0/1260  loss=0.2941  ce=0.4200  ctc=0.0005  lr=4.49e-06
  Epoch 75/80  Step 50/1260  loss=0.2939  ce=0.4199  ctc=0.0000  lr=4.43e-06
  Epoch 75/80  Step 100/1260  loss=0.2940  ce=0.4200  ctc=0.0001  lr=4.37e-06
  Epoch 75/80  Step 150/1260  loss=0.2940  ce=0.4200  ctc=0.0000  lr=4.32e-06
  Epoch 75/80  Step 200/1260  loss=0.2939  ce=0.4199  ctc=0.0000  lr=4.26e-06
  [GPU] Mem: 544MB / 25417MB (2.1%) | Peak: 2576MB
  Epoch 75/80  Step 250/1260  loss=0.2939  ce=0.4199  ctc=0.0000  lr=4.20e-06
  Epoch 75/80  Step 300/1260  loss=0.2939  ce=0.4199  ctc=0.0000  lr=4.14e-06
  Epoch 75/80  Step 350/1260  loss=0.2939  ce=0.4199  ctc=0.0000  lr=4.09e-06
  Epoch 75/80  Step 400/1260  loss=0.2940  ce=0.4200  ctc=0.0000  lr=4.03e-06
  [GPU] Mem: 542MB / 25417MB (2.1%) | Peak: 2576MB
  Epoch 75/80  Step 450/1260  loss=0.2940  ce=0.4199  ctc=0.0001  lr=3.97e-06
  Epoch 75/80  Step 500/1260  loss=0.2940  ce=0.4199  ctc=0.0000  lr=3.92e-06
  Epoch 75/80  Step 550/1260  loss=0.2940  ce=0.4199  ctc=0.0000  lr=3.86e-06
  Epoch 75/80  Step 600/1260  loss=0.2940  ce=0.4200  ctc=0.0001  lr=3.81e-06
  [GPU] Mem: 547MB / 25417MB (2.2%) | Peak: 2576MB
  Epoch 75/80  Step 650/1260  loss=0.2939  ce=0.4199  ctc=0.0000  lr=3.76e-06
  Epoch 75/80  Step 700/1260  loss=0.2940  ce=0.4200  ctc=0.0000  lr=3.70e-06
  Epoch 75/80  Step 750/1260  loss=0.2940  ce=0.4200  ctc=0.0001  lr=3.65e-06
  Epoch 75/80  Step 800/1260  loss=0.2940  ce=0.4199  ctc=0.0000  lr=3.59e-06
  [GPU] Mem: 546MB / 25417MB (2.1%) | Peak: 2576MB
  Epoch 75/80  Step 850/1260  loss=0.3053  ce=0.4226  ctc=0.0314  lr=3.54e-06
  Epoch 75/80  Step 900/1260  loss=0.2940  ce=0.4199  ctc=0.0002  lr=3.49e-06
  Epoch 75/80  Step 950/1260  loss=0.2940  ce=0.4200  ctc=0.0001  lr=3.44e-06
  Epoch 75/80  Step 1000/1260  loss=0.2939  ce=0.4199  ctc=0.0000  lr=3.39e-06
  [GPU] Mem: 548MB / 25417MB (2.2%) | Peak: 2576MB
  Epoch 75/80  Step 1050/1260  loss=0.2940  ce=0.4199  ctc=0.0001  lr=3.33e-06
  Epoch 75/80  Step 1100/1260  loss=0.2940  ce=0.4200  ctc=0.0000  lr=3.28e-06
  Epoch 75/80  Step 1150/1260  loss=0.2939  ce=0.4199  ctc=0.0000  lr=3.23e-06
  Epoch 75/80  Step 1200/1260  loss=0.2940  ce=0.4199  ctc=0.0001  lr=3.18e-06
  [GPU] Mem: 542MB / 25417MB (2.1%) | Peak: 2576MB
  Epoch 75/80  Step 1250/1260  loss=0.3054  ce=0.4238  ctc=0.0292  lr=3.13e-06
[Epoch 75] avg_loss=0.2948  time=153s
  [Val epoch 75 (constrained)] loss=0.4420  CER=0.0253  WER=0.1580  avg_pred_len=8.7
  [Val epoch 75 (unconstrained)] loss=0.4420  CER=0.0246  WER=0.1578  avg_pred_len=8.7
  [Checkpoint] epoch=75  val_cer=0.0246  best=0.0240

  Disk usage:
        best.pt     358.4 MB
     current.pt     358.4 MB
    previous.pt     358.4 MB
       TOTAL         1075.3 MB


  ┌── Epoch 75 Summary ──────────────────────────
  │ Train Loss  : 0.2948
  │ Val CER     : 0.0246 (2.46%)
  │ Epoch Time  : 233s (0:03:52)
  │ Speed       : 346.4 samples/sec
  │ GPU Memory  : 548MB (peak: 2576MB)
  │ Total Time  : 5:02:50
  │ ETA         : 0:20:11 (5 epochs left)
  └─────────────────────────────────────────────────


──────────────────────────────────────────────────────────────────────
  Epoch 76 started at 18:47:36
──────────────────────────────────────────────────────────────────────
  Epoch 76/80  Step 0/1260  loss=0.3043  ce=0.4227  ctc=0.0282  lr=3.12e-06
  Epoch 76/80  Step 50/1260  loss=0.2940  ce=0.4199  ctc=0.0001  lr=3.07e-06
  Epoch 76/80  Step 100/1260  loss=0.2939  ce=0.4199  ctc=0.0000  lr=3.03e-06
  Epoch 76/80  Step 150/1260  loss=0.3114  ce=0.4250  ctc=0.0463  lr=2.98e-06
  Epoch 76/80  Step 200/1260  loss=0.2940  ce=0.4200  ctc=0.0000  lr=2.93e-06
  [GPU] Mem: 548MB / 25417MB (2.2%) | Peak: 2576MB
  Epoch 76/80  Step 250/1260  loss=0.2940  ce=0.4199  ctc=0.0002  lr=2.88e-06
  Epoch 76/80  Step 300/1260  loss=0.2940  ce=0.4200  ctc=0.0000  lr=2.83e-06
  Epoch 76/80  Step 350/1260  loss=0.2940  ce=0.4199  ctc=0.0000  lr=2.79e-06
  Epoch 76/80  Step 400/1260  loss=0.2939  ce=0.4199  ctc=0.0000  lr=2.74e-06
  [GPU] Mem: 544MB / 25417MB (2.1%) | Peak: 2576MB
  Epoch 76/80  Step 450/1260  loss=0.2940  ce=0.4199  ctc=0.0000  lr=2.69e-06
  Epoch 76/80  Step 500/1260  loss=0.3117  ce=0.4241  ctc=0.0493  lr=2.65e-06
  Epoch 76/80  Step 550/1260  loss=0.2939  ce=0.4199  ctc=0.0000  lr=2.60e-06
  Epoch 76/80  Step 600/1260  loss=0.2964  ce=0.4233  ctc=0.0001  lr=2.56e-06
  [GPU] Mem: 548MB / 25417MB (2.2%) | Peak: 2576MB
  Epoch 76/80  Step 650/1260  loss=0.2940  ce=0.4199  ctc=0.0001  lr=2.51e-06
  Epoch 76/80  Step 700/1260  loss=0.2940  ce=0.4200  ctc=0.0001  lr=2.47e-06
  Epoch 76/80  Step 750/1260  loss=0.2941  ce=0.4199  ctc=0.0007  lr=2.43e-06
  Epoch 76/80  Step 800/1260  loss=0.2940  ce=0.4199  ctc=0.0000  lr=2.38e-06
  [GPU] Mem: 548MB / 25417MB (2.2%) | Peak: 2576MB
  Epoch 76/80  Step 850/1260  loss=0.2942  ce=0.4200  ctc=0.0008  lr=2.34e-06
  Epoch 76/80  Step 900/1260  loss=0.2941  ce=0.4201  ctc=0.0000  lr=2.30e-06
  Epoch 76/80  Step 950/1260  loss=0.2940  ce=0.4200  ctc=0.0002  lr=2.25e-06
  Epoch 76/80  Step 1000/1260  loss=0.2940  ce=0.4199  ctc=0.0000  lr=2.21e-06
  [GPU] Mem: 546MB / 25417MB (2.1%) | Peak: 2576MB
  Epoch 76/80  Step 1050/1260  loss=0.2942  ce=0.4202  ctc=0.0002  lr=2.17e-06
  Epoch 76/80  Step 1100/1260  loss=0.2939  ce=0.4199  ctc=0.0000  lr=2.13e-06
  Epoch 76/80  Step 1150/1260  loss=0.2941  ce=0.4200  ctc=0.0004  lr=2.09e-06
  Epoch 76/80  Step 1200/1260  loss=0.2939  ce=0.4199  ctc=0.0000  lr=2.05e-06
  [GPU] Mem: 546MB / 25417MB (2.1%) | Peak: 2576MB
  Epoch 76/80  Step 1250/1260  loss=0.2979  ce=0.4216  ctc=0.0092  lr=2.01e-06
[Epoch 76] avg_loss=0.2947  time=153s
  [Val epoch 76 (constrained)] loss=0.4400  CER=0.0252  WER=0.1575  avg_pred_len=8.7
  [Val epoch 76 (unconstrained)] loss=0.4400  CER=0.0245  WER=0.1571  avg_pred_len=8.7
  [Checkpoint] epoch=76  val_cer=0.0245  best=0.0240

  ┌── Epoch 76 Summary ──────────────────────────
  │ Train Loss  : 0.2947
  │ Val CER     : 0.0245 (2.45%)
  │ Epoch Time  : 233s (0:03:52)
  │ Speed       : 346.7 samples/sec
  │ GPU Memory  : 546MB (peak: 2576MB)
  │ Total Time  : 5:06:43
  │ ETA         : 0:16:08 (4 epochs left)
  └─────────────────────────────────────────────────


──────────────────────────────────────────────────────────────────────
  Epoch 77 started at 18:51:29
──────────────────────────────────────────────────────────────────────
  Epoch 77/80  Step 0/1260  loss=0.2940  ce=0.4200  ctc=0.0000  lr=2.00e-06
  Epoch 77/80  Step 50/1260  loss=0.2939  ce=0.4199  ctc=0.0000  lr=1.96e-06
  Epoch 77/80  Step 100/1260  loss=0.2941  ce=0.4201  ctc=0.0000  lr=1.92e-06
  Epoch 77/80  Step 150/1260  loss=0.2940  ce=0.4200  ctc=0.0000  lr=1.88e-06
  Epoch 77/80  Step 200/1260  loss=0.2940  ce=0.4200  ctc=0.0000  lr=1.85e-06
  [GPU] Mem: 542MB / 25417MB (2.1%) | Peak: 2576MB
  Epoch 77/80  Step 250/1260  loss=0.3050  ce=0.4221  ctc=0.0318  lr=1.81e-06
  Epoch 77/80  Step 300/1260  loss=0.2940  ce=0.4199  ctc=0.0000  lr=1.77e-06
  Epoch 77/80  Step 350/1260  loss=0.2940  ce=0.4199  ctc=0.0001  lr=1.73e-06
  Epoch 77/80  Step 400/1260  loss=0.2939  ce=0.4199  ctc=0.0001  lr=1.70e-06
  [GPU] Mem: 542MB / 25417MB (2.1%) | Peak: 2576MB
  Epoch 77/80  Step 450/1260  loss=0.2940  ce=0.4199  ctc=0.0002  lr=1.66e-06
  Epoch 77/80  Step 500/1260  loss=0.2944  ce=0.4206  ctc=0.0000  lr=1.62e-06
  Epoch 77/80  Step 550/1260  loss=0.2940  ce=0.4199  ctc=0.0000  lr=1.59e-06
  Epoch 77/80  Step 600/1260  loss=0.2940  ce=0.4199  ctc=0.0000  lr=1.55e-06
  [GPU] Mem: 547MB / 25417MB (2.2%) | Peak: 2576MB
  Epoch 77/80  Step 650/1260  loss=0.2940  ce=0.4200  ctc=0.0000  lr=1.52e-06
  Epoch 77/80  Step 700/1260  loss=0.2939  ce=0.4199  ctc=0.0000  lr=1.48e-06
  Epoch 77/80  Step 750/1260  loss=0.2941  ce=0.4199  ctc=0.0004  lr=1.45e-06
  Epoch 77/80  Step 800/1260  loss=0.2940  ce=0.4199  ctc=0.0000  lr=1.42e-06
  [GPU] Mem: 546MB / 25417MB (2.1%) | Peak: 2576MB
  Epoch 77/80  Step 850/1260  loss=0.2940  ce=0.4199  ctc=0.0000  lr=1.38e-06
  Epoch 77/80  Step 900/1260  loss=0.2940  ce=0.4199  ctc=0.0000  lr=1.35e-06
  Epoch 77/80  Step 950/1260  loss=0.2939  ce=0.4199  ctc=0.0000  lr=1.32e-06
  Epoch 77/80  Step 1000/1260  loss=0.2942  ce=0.4199  ctc=0.0009  lr=1.29e-06
  [GPU] Mem: 548MB / 25417MB (2.2%) | Peak: 2576MB
  Epoch 77/80  Step 1050/1260  loss=0.3109  ce=0.4242  ctc=0.0467  lr=1.26e-06
  Epoch 77/80  Step 1100/1260  loss=0.2940  ce=0.4199  ctc=0.0001  lr=1.22e-06
  Epoch 77/80  Step 1150/1260  loss=0.2940  ce=0.4199  ctc=0.0000  lr=1.19e-06
  Epoch 77/80  Step 1200/1260  loss=0.2941  ce=0.4201  ctc=0.0002  lr=1.16e-06
  [GPU] Mem: 546MB / 25417MB (2.1%) | Peak: 2576MB
  Epoch 77/80  Step 1250/1260  loss=0.2940  ce=0.4200  ctc=0.0000  lr=1.13e-06
[Epoch 77] avg_loss=0.2948  time=153s
  [Val epoch 77 (constrained)] loss=0.4412  CER=0.0251  WER=0.1573  avg_pred_len=8.7
  [Val epoch 77 (unconstrained)] loss=0.4412  CER=0.0244  WER=0.1569  avg_pred_len=8.7
  [Checkpoint] epoch=77  val_cer=0.0244  best=0.0240

  ┌── Epoch 77 Summary ──────────────────────────
  │ Train Loss  : 0.2948
  │ Val CER     : 0.0244 (2.44%)
  │ Epoch Time  : 233s (0:03:53)
  │ Speed       : 345.6 samples/sec
  │ GPU Memory  : 542MB (peak: 2576MB)
  │ Total Time  : 5:10:36
  │ ETA         : 0:12:06 (3 epochs left)
  └─────────────────────────────────────────────────


──────────────────────────────────────────────────────────────────────
  Epoch 78 started at 18:55:22
──────────────────────────────────────────────────────────────────────
  Epoch 78/80  Step 0/1260  loss=0.2940  ce=0.4200  ctc=0.0002  lr=1.13e-06
  Epoch 78/80  Step 50/1260  loss=0.2940  ce=0.4200  ctc=0.0000  lr=1.10e-06
  Epoch 78/80  Step 100/1260  loss=0.2941  ce=0.4199  ctc=0.0006  lr=1.07e-06
  Epoch 78/80  Step 150/1260  loss=0.2939  ce=0.4199  ctc=0.0000  lr=1.04e-06
  Epoch 78/80  Step 200/1260  loss=0.2939  ce=0.4199  ctc=0.0000  lr=1.01e-06
  [GPU] Mem: 542MB / 25417MB (2.1%) | Peak: 2576MB
  Epoch 78/80  Step 250/1260  loss=0.2939  ce=0.4199  ctc=0.0000  lr=9.83e-07
  Epoch 78/80  Step 300/1260  loss=0.2940  ce=0.4200  ctc=0.0000  lr=9.55e-07
  Epoch 78/80  Step 350/1260  loss=0.2941  ce=0.4200  ctc=0.0005  lr=9.28e-07
  Epoch 78/80  Step 400/1260  loss=0.2940  ce=0.4199  ctc=0.0001  lr=9.01e-07
  [GPU] Mem: 547MB / 25417MB (2.2%) | Peak: 2576MB
  Epoch 78/80  Step 450/1260  loss=0.2940  ce=0.4199  ctc=0.0000  lr=8.75e-07
  Epoch 78/80  Step 500/1260  loss=0.2939  ce=0.4199  ctc=0.0000  lr=8.49e-07
  Epoch 78/80  Step 550/1260  loss=0.2939  ce=0.4199  ctc=0.0000  lr=8.23e-07
  Epoch 78/80  Step 600/1260  loss=0.2943  ce=0.4204  ctc=0.0001  lr=7.98e-07
  [GPU] Mem: 542MB / 25417MB (2.1%) | Peak: 2576MB
  Epoch 78/80  Step 650/1260  loss=0.2939  ce=0.4199  ctc=0.0000  lr=7.73e-07
  Epoch 78/80  Step 700/1260  loss=0.2939  ce=0.4199  ctc=0.0000  lr=7.48e-07
  Epoch 78/80  Step 750/1260  loss=0.2939  ce=0.4199  ctc=0.0000  lr=7.24e-07
  Epoch 78/80  Step 800/1260  loss=0.2940  ce=0.4199  ctc=0.0000  lr=7.01e-07
  [GPU] Mem: 548MB / 25417MB (2.2%) | Peak: 2576MB
  Epoch 78/80  Step 850/1260  loss=0.2939  ce=0.4199  ctc=0.0000  lr=6.77e-07
  Epoch 78/80  Step 900/1260  loss=0.2939  ce=0.4199  ctc=0.0000  lr=6.54e-07
  Epoch 78/80  Step 950/1260  loss=0.2940  ce=0.4199  ctc=0.0000  lr=6.32e-07
  Epoch 78/80  Step 1000/1260  loss=0.2940  ce=0.4200  ctc=0.0000  lr=6.10e-07
  [GPU] Mem: 542MB / 25417MB (2.1%) | Peak: 2576MB
  Epoch 78/80  Step 1050/1260  loss=0.2958  ce=0.4202  ctc=0.0054  lr=5.88e-07
  Epoch 78/80  Step 1100/1260  loss=0.2940  ce=0.4200  ctc=0.0000  lr=5.67e-07
  Epoch 78/80  Step 1150/1260  loss=0.2940  ce=0.4199  ctc=0.0001  lr=5.46e-07
  Epoch 78/80  Step 1200/1260  loss=0.2941  ce=0.4201  ctc=0.0000  lr=5.25e-07
  [GPU] Mem: 548MB / 25417MB (2.2%) | Peak: 2576MB
  Epoch 78/80  Step 1250/1260  loss=0.2939  ce=0.4199  ctc=0.0000  lr=5.05e-07
[Epoch 78] avg_loss=0.2947  time=153s
  [Val epoch 78 (constrained)] loss=0.4399  CER=0.0249  WER=0.1566  avg_pred_len=8.7
  [Val epoch 78 (unconstrained)] loss=0.4399  CER=0.0243  WER=0.1562  avg_pred_len=8.7
  [Checkpoint] epoch=78  val_cer=0.0243  best=0.0240

  ┌── Epoch 78 Summary ──────────────────────────
  │ Train Loss  : 0.2947
  │ Val CER     : 0.0243 (2.43%)
  │ Epoch Time  : 233s (0:03:52)
  │ Speed       : 346.2 samples/sec
  │ GPU Memory  : 542MB (peak: 2576MB)
  │ Total Time  : 5:14:29
  │ ETA         : 0:08:03 (2 epochs left)
  └─────────────────────────────────────────────────


──────────────────────────────────────────────────────────────────────
  Epoch 79 started at 18:59:15
──────────────────────────────────────────────────────────────────────
  Epoch 79/80  Step 0/1260  loss=0.2941  ce=0.4200  ctc=0.0001  lr=5.01e-07
  Epoch 79/80  Step 50/1260  loss=0.2940  ce=0.4200  ctc=0.0000  lr=4.81e-07
  Epoch 79/80  Step 100/1260  loss=0.2940  ce=0.4200  ctc=0.0002  lr=4.62e-07
  Epoch 79/80  Step 150/1260  loss=0.2940  ce=0.4199  ctc=0.0000  lr=4.43e-07
  Epoch 79/80  Step 200/1260  loss=0.2944  ce=0.4204  ctc=0.0003  lr=4.25e-07
  [GPU] Mem: 544MB / 25417MB (2.1%) | Peak: 2576MB
  Epoch 79/80  Step 250/1260  loss=0.2941  ce=0.4201  ctc=0.0001  lr=4.07e-07
  Epoch 79/80  Step 300/1260  loss=0.2940  ce=0.4200  ctc=0.0000  lr=3.89e-07
  Epoch 79/80  Step 350/1260  loss=0.2940  ce=0.4200  ctc=0.0000  lr=3.71e-07
  Epoch 79/80  Step 400/1260  loss=0.2940  ce=0.4200  ctc=0.0000  lr=3.55e-07
  [GPU] Mem: 547MB / 25417MB (2.2%) | Peak: 2576MB
  Epoch 79/80  Step 450/1260  loss=0.2972  ce=0.4209  ctc=0.0086  lr=3.38e-07
  Epoch 79/80  Step 500/1260  loss=0.2940  ce=0.4199  ctc=0.0000  lr=3.22e-07
  Epoch 79/80  Step 550/1260  loss=0.2940  ce=0.4199  ctc=0.0000  lr=3.06e-07
  Epoch 79/80  Step 600/1260  loss=0.2940  ce=0.4199  ctc=0.0001  lr=2.91e-07
  [GPU] Mem: 548MB / 25417MB (2.2%) | Peak: 2576MB
  Epoch 79/80  Step 650/1260  loss=0.3125  ce=0.4256  ctc=0.0487  lr=2.76e-07
  Epoch 79/80  Step 700/1260  loss=0.2939  ce=0.4199  ctc=0.0000  lr=2.61e-07
  Epoch 79/80  Step 750/1260  loss=0.2939  ce=0.4199  ctc=0.0000  lr=2.47e-07
  Epoch 79/80  Step 800/1260  loss=0.2940  ce=0.4200  ctc=0.0001  lr=2.33e-07
  [GPU] Mem: 546MB / 25417MB (2.1%) | Peak: 2576MB
  Epoch 79/80  Step 850/1260  loss=0.2940  ce=0.4199  ctc=0.0002  lr=2.20e-07
  Epoch 79/80  Step 900/1260  loss=0.2939  ce=0.4199  ctc=0.0000  lr=2.07e-07
  Epoch 79/80  Step 950/1260  loss=0.2940  ce=0.4199  ctc=0.0000  lr=1.94e-07
  Epoch 79/80  Step 1000/1260  loss=0.2940  ce=0.4199  ctc=0.0001  lr=1.82e-07
  [GPU] Mem: 547MB / 25417MB (2.2%) | Peak: 2576MB
  Epoch 79/80  Step 1050/1260  loss=0.2940  ce=0.4200  ctc=0.0000  lr=1.70e-07
  Epoch 79/80  Step 1100/1260  loss=0.2940  ce=0.4199  ctc=0.0000  lr=1.59e-07
  Epoch 79/80  Step 1150/1260  loss=0.2940  ce=0.4200  ctc=0.0000  lr=1.48e-07
  Epoch 79/80  Step 1200/1260  loss=0.2940  ce=0.4200  ctc=0.0000  lr=1.37e-07
  [GPU] Mem: 542MB / 25417MB (2.1%) | Peak: 2576MB
  Epoch 79/80  Step 1250/1260  loss=0.2943  ce=0.4204  ctc=0.0000  lr=1.27e-07
[Epoch 79] avg_loss=0.2947  time=153s
  [Val epoch 79 (constrained)] loss=0.4408  CER=0.0251  WER=0.1574  avg_pred_len=8.7
  [Val epoch 79 (unconstrained)] loss=0.4408  CER=0.0244  WER=0.1570  avg_pred_len=8.7
  [Checkpoint] epoch=79  val_cer=0.0244  best=0.0240

  ┌── Epoch 79 Summary ──────────────────────────
  │ Train Loss  : 0.2947
  │ Val CER     : 0.0244 (2.44%)
  │ Epoch Time  : 233s (0:03:52)
  │ Speed       : 346.3 samples/sec
  │ GPU Memory  : 547MB (peak: 2576MB)
  │ Total Time  : 5:18:22
  │ ETA         : 0:04:01 (1 epochs left)
  └─────────────────────────────────────────────────


──────────────────────────────────────────────────────────────────────
  Epoch 80 started at 19:03:08
──────────────────────────────────────────────────────────────────────
  Epoch 80/80  Step 0/1260  loss=0.2940  ce=0.4199  ctc=0.0001  lr=1.25e-07
  Epoch 80/80  Step 50/1260  loss=0.2939  ce=0.4199  ctc=0.0001  lr=1.15e-07
  Epoch 80/80  Step 100/1260  loss=0.2939  ce=0.4199  ctc=0.0000  lr=1.06e-07
  Epoch 80/80  Step 150/1260  loss=0.2943  ce=0.4204  ctc=0.0001  lr=9.71e-08
  Epoch 80/80  Step 200/1260  loss=0.2941  ce=0.4200  ctc=0.0002  lr=8.86e-08
  [GPU] Mem: 548MB / 25417MB (2.2%) | Peak: 2576MB
  Epoch 80/80  Step 250/1260  loss=0.2940  ce=0.4200  ctc=0.0000  lr=8.04e-08
  Epoch 80/80  Step 300/1260  loss=0.3023  ce=0.4277  ctc=0.0097  lr=7.26e-08
  Epoch 80/80  Step 350/1260  loss=0.2940  ce=0.4200  ctc=0.0000  lr=6.53e-08
  Epoch 80/80  Step 400/1260  loss=0.2995  ce=0.4205  ctc=0.0172  lr=5.83e-08
  [GPU] Mem: 546MB / 25417MB (2.1%) | Peak: 2576MB
  Epoch 80/80  Step 450/1260  loss=0.2939  ce=0.4199  ctc=0.0000  lr=5.17e-08
  Epoch 80/80  Step 500/1260  loss=0.2939  ce=0.4199  ctc=0.0000  lr=4.55e-08
  Epoch 80/80  Step 550/1260  loss=0.2939  ce=0.4199  ctc=0.0001  lr=3.97e-08
  Epoch 80/80  Step 600/1260  loss=0.2946  ce=0.4205  ctc=0.0008  lr=3.43e-08
  [GPU] Mem: 544MB / 25417MB (2.1%) | Peak: 2576MB
  Epoch 80/80  Step 650/1260  loss=0.2940  ce=0.4200  ctc=0.0000  lr=2.93e-08
  Epoch 80/80  Step 700/1260  loss=0.2939  ce=0.4199  ctc=0.0000  lr=2.47e-08
  Epoch 80/80  Step 750/1260  loss=0.2944  ce=0.4206  ctc=0.0000  lr=2.05e-08
  Epoch 80/80  Step 800/1260  loss=0.2943  ce=0.4201  ctc=0.0009  lr=1.66e-08
  [GPU] Mem: 544MB / 25417MB (2.1%) | Peak: 2576MB
  Epoch 80/80  Step 850/1260  loss=0.2941  ce=0.4200  ctc=0.0002  lr=1.32e-08
  Epoch 80/80  Step 900/1260  loss=0.2940  ce=0.4200  ctc=0.0000  lr=1.02e-08
  Epoch 80/80  Step 950/1260  loss=0.2940  ce=0.4199  ctc=0.0000  lr=7.54e-09
  Epoch 80/80  Step 1000/1260  loss=0.2940  ce=0.4199  ctc=0.0001  lr=5.30e-09
  [GPU] Mem: 548MB / 25417MB (2.2%) | Peak: 2576MB
  Epoch 80/80  Step 1050/1260  loss=0.2940  ce=0.4200  ctc=0.0002  lr=3.45e-09
  Epoch 80/80  Step 1100/1260  loss=0.2939  ce=0.4199  ctc=0.0000  lr=2.00e-09
  Epoch 80/80  Step 1150/1260  loss=0.2940  ce=0.4200  ctc=0.0000  lr=9.39e-10
  Epoch 80/80  Step 1200/1260  loss=0.2940  ce=0.4200  ctc=0.0000  lr=2.75e-10
  [GPU] Mem: 548MB / 25417MB (2.2%) | Peak: 2576MB
  Epoch 80/80  Step 1250/1260  loss=0.2940  ce=0.4199  ctc=0.0000  lr=6.40e-12
[Epoch 80] avg_loss=0.2947  time=154s
  [Val epoch 80 (constrained)] loss=0.4396  CER=0.0249  WER=0.1561  avg_pred_len=8.7
  [Val epoch 80 (unconstrained)] loss=0.4396  CER=0.0242  WER=0.1557  avg_pred_len=8.7
  [Checkpoint] epoch=80  val_cer=0.0242  best=0.0240

  Disk usage:
        best.pt     358.4 MB
     current.pt     358.4 MB
    previous.pt     358.4 MB
       TOTAL         1075.3 MB


  ┌── Epoch 80 Summary ──────────────────────────
  │ Train Loss  : 0.2947
  │ Val CER     : 0.0242 (2.42%)
  │ Epoch Time  : 234s (0:03:54)
  │ Speed       : 344.5 samples/sec
  │ GPU Memory  : 548MB (peak: 2576MB)
  │ Total Time  : 5:22:16
  └─────────────────────────────────────────────────


======================================================================
  TRAINING COMPLETE — AR Transformer
======================================================================
  Total Time       : 5:22:16
  Total Epochs     : 80
  Avg Epoch Time   : 242s
  Best Val CER     : 0.0240 (2.40%)
  Peak GPU Memory  : 2576MB
  Best Epoch CER   : Epoch 72 → 0.0240
  Worst Epoch CER  : Epoch 1 → 0.1806

  Log file  : logs/ar_v2/training_20260731_134445.log
  JSON file : logs/ar_v2/training_20260731_134445.json
======================================================================


Disk usage:
        best.pt     358.4 MB
     current.pt     358.4 MB
    previous.pt     358.4 MB
       TOTAL         1075.3 MB
